True_depth(m),Y_dimension(mm),meas,Button,Button_raw
168.591240625,42.756,2.631472e-05,0.0,0.0
168.591240625,42.756,1.378357e-07,0.0,0.0
168.591240625,42.756,1.023291e-06,0.0,0.0
168.5911549544309,42.756,1.588036e-06,0.0,0.0
168.5909720256154,42.756,2.02778e-06,0.0,0.0
168.59076593732547,42.756,2.383094e-06,0.0,0.0
168.59050196360457,42.756,2.57694e-06,0.0,0.0
168.59019906371523,42.756,2.003289e-06,0.0,0.0
168.589848869837,42.756,2.657704e-06,0.0,0.0
168.58946923363163,42.756,2.236018e-06,0.0,0.0
168.58903633164402,42.756,2.805231e-06,0.0,0.0
168.5886284653976,42.756,3.865833e-06,0.0,0.0
168.58822719335976,42.756,3.283974e-06,0.0,0.0
168.58778620337014,42.756,2.697285e-06,0.0,0.0
168.58737236398954,42.756,3.044217e-06,0.0,0.0
168.58695699465068,42.756,3.927955e-06,0.0,0.0
168.58652142624018,42.756,3.413414e-06,0.0,0.0
168.58612621742716,42.756,2.724657e-06,0.0,0.0
168.5857248117922,42.756,3.519992e-06,0.0,0.0
168.58528876956538,42.756,4.187168e-06,0.0,0.0
168.5848712188041,42.756,3.654539e-06,0.0,0.0
168.58445341672578,42.756,3.120265e-06,0.0,0.0
168.58401770820953,42.756,4.056506e-06,0.0,0.0
168.58358089183318,42.756,4.563379e-06,0.0,0.0
168.58318212225822,42.756,3.598805e-06,0.0,0.0
168.58277685097647,42.756,3.513909e-06,0.0,0.0
168.58235401931262,42.756,4.564892e-06,0.0,0.0
168.58191548973778,42.756,4.526461e-06,0.0,0.0
168.58150568234026,42.756,3.614623e-06,0.0,0.0
168.58106812841228,42.756,3.754074e-06,0.0,0.0
168.5806693345696,42.756,4.543297e-06,0.0,0.0
168.58026688500013,42.756,4.129441e-06,0.0,0.0
168.57983207177398,42.756,3.373745e-06,0.0,0.0
168.57940149015164,42.756,3.876848e-06,0.0,0.0
168.57899628067537,42.756,5.184876e-06,0.0,0.0
168.57855548080423,42.756,4.324625e-06,0.0,0.0
168.57815787074372,42.756,3.713343e-06,0.0,0.0
168.5777551980055,42.756,4.346002e-06,0.0,0.0
168.57732240425878,42.756,4.758826e-06,0.0,0.0
168.57690504237408,42.756,4.100701e-06,0.0,0.0
168.57649515586246,42.756,3.97391e-06,0.0,0.0
168.57609668810517,42.756,5.181413e-06,0.0,0.0
168.5756576968882,42.756,5.469105e-06,0.0,0.0
168.5752554704069,42.756,4.422531e-06,0.0,0.0
168.57484636662895,42.756,4.500413e-06,0.0,0.0
168.57440119721463,42.756,5.413502e-06,0.0,0.0
168.57398678747663,42.756,5.177775e-06,0.0,0.0
168.57359009139935,42.756,4.438727e-06,0.0,0.0
168.57315572126478,42.756,5.099369e-06,0.0,0.0
168.57275379477633,42.756,6.016693e-06,0.0,0.0
168.57231789372702,42.756,5.086913e-06,0.0,0.0
168.571894838088,42.756,4.880698e-06,0.0,0.0
168.57144822636607,42.756,5.68766e-06,0.0,0.0
168.57104268194067,42.756,5.459049e-06,0.0,0.0
168.57064486298745,42.756,4.481437e-06,0.0,0.0
168.57024805721346,42.756,4.652044e-06,0.0,0.0
168.56980021956505,42.756,5.889291e-06,0.0,0.0
168.56938638274465,42.756,5.288544e-06,0.0,0.0
168.5689715211465,42.756,4.831207e-06,0.0,0.0
168.56856733435657,42.756,5.309324e-06,0.0,0.0
168.56815704796767,42.756,6.316593e-06,0.0,0.0
168.56773245004052,42.756,5.355731e-06,0.0,0.0
168.56730891406636,42.756,4.907983e-06,0.0,0.0
168.5668948093198,42.756,5.741487e-06,0.0,0.0
168.56646346020122,42.756,6.130242e-06,0.0,0.0
168.56605963584582,42.756,4.965477e-06,0.0,0.0
168.5656473915583,42.756,4.564135e-06,0.0,0.0
168.56522792329716,42.756,3.811903e-06,0.0,0.0
168.56481851192407,42.756,2.175773e-06,0.0,0.0
168.56436489742782,42.756,7.414637e-07,0.0,0.0
168.56395542722296,42.756,2.066226e-07,0.0,0.0
168.56351612761793,42.756,5.775655e-08,0.0,0.0
168.5631158653221,42.756,2.96277e-08,0.0,0.0
168.56271752007706,42.756,2.81143e-08,0.0,0.0
168.56231085065943,42.756,3.796595e-08,0.0,0.0
168.5618560911011,42.756,3.878085e-08,0.0,0.0
168.56144732747185,42.756,3.197056e-08,0.0,0.0
168.56101570141018,42.756,3.674359e-08,0.0,0.0
168.56061810105038,42.756,7.342896e-08,0.0,0.0
168.56018064980955,42.756,1.623703e-07,0.0,0.0
168.55977869579803,42.756,5.741895e-07,0.0,0.0
168.55934569241194,42.756,2.21697e-06,0.0,0.0
168.5589180739442,42.756,4.542249e-06,0.0,0.0
168.55851074813606,42.756,5.0956e-06,0.0,0.0
168.5581121831074,42.756,4.447575e-06,0.0,0.0
168.5576772476221,42.756,5.169393e-06,0.0,0.0
168.55727596474895,42.756,5.441398e-06,0.0,0.0
168.55686027195367,42.756,4.720801e-06,0.0,0.0
168.5564388608634,42.756,4.218426e-06,0.0,0.0
168.55600197808238,42.756,5.144553e-06,0.0,0.0
168.55560176405726,42.756,5.344846e-06,0.0,0.0
168.55520167041294,42.756,4.333066e-06,0.0,0.0
168.5547942239384,42.756,4.42467e-06,0.0,0.0
168.55435034342582,42.756,5.422407e-06,0.0,0.0
168.55393618117728,42.756,4.981383e-06,0.0,0.0
168.55349681745693,42.756,4.326546e-06,0.0,0.0
168.55309791949622,42.756,4.749149e-06,0.0,0.0
168.55266134091912,42.756,4.903311e-06,0.0,0.0
168.5522612030194,42.756,3.983689e-06,0.0,0.0
168.55182811876827,42.756,3.529698e-06,0.0,0.0
168.55140350913814,42.756,4.268833e-06,0.0,0.0
168.550992915876,42.756,4.111891e-06,0.0,0.0
168.55055629996892,42.756,3.531633e-06,0.0,0.0
168.55014440218517,42.756,3.628389e-06,0.0,0.0
168.54975479818862,42.756,4.405083e-06,0.0,0.0
168.54931987805256,42.756,4.225483e-06,0.0,0.0
168.54889781928762,42.756,3.382112e-06,0.0,0.0
168.5484882703233,42.756,3.648747e-06,0.0,0.0
168.54809136427343,42.756,4.86926e-06,0.0,0.0
168.5476542423583,42.756,4.298534e-06,0.0,0.0
168.5472543837837,42.756,3.746609e-06,0.0,0.0
168.54684442501605,42.756,4.291956e-06,0.0,0.0
168.54640045834984,42.756,4.984526e-06,0.0,0.0
168.54598796788034,42.756,4.128116e-06,0.0,0.0
168.54558949148242,42.756,3.801382e-06,0.0,0.0
168.54515228366589,42.756,4.714049e-06,0.0,0.0
168.54475292164315,42.756,4.645321e-06,0.0,0.0
168.54431538771132,42.756,4.101283e-06,0.0,0.0
168.54388823161085,42.756,4.13059e-06,0.0,0.0
168.5434513905198,42.756,4.898568e-06,0.0,0.0
168.54304731215342,42.756,4.167407e-06,0.0,0.0
168.54264978935782,42.756,3.565772e-06,0.0,0.0
168.54224799865943,42.756,4.01256e-06,0.0,0.0
168.54180460594927,42.756,5.008202e-06,0.0,0.0
168.54137911210165,42.756,4.219837e-06,0.0,0.0
168.5409373052087,42.756,3.8172e-06,0.0,0.0
168.5405474439369,42.756,4.437839e-06,0.0,0.0
168.54013038168404,42.756,4.641915e-06,0.0,0.0
168.53971725638883,42.756,3.839043e-06,0.0,0.0
168.53928014886327,42.756,4.065223e-06,0.0,0.0
168.53886266983176,42.756,4.741873e-06,0.0,0.0
168.53845284643413,42.756,4.42387e-06,0.0,0.0
168.53801274488904,42.756,3.821449e-06,0.0,0.0
168.53760989480057,42.756,4.09488e-06,0.0,0.0
168.537210147001,42.756,4.945978e-06,0.0,0.0
168.53680197249398,42.756,4.291447e-06,0.0,0.0
168.53635903863253,42.756,3.84239e-06,0.0,0.0
168.53594164643775,42.756,4.462912e-06,0.0,0.0
168.53554588385396,42.756,4.704736e-06,0.0,0.0
168.53510961930962,42.756,4.104935e-06,0.0,0.0
168.5347094188823,42.756,4.155358e-06,0.0,0.0
168.53427120898778,42.756,5.247333e-06,0.0,0.0
168.53385601621986,42.756,5.008158e-06,0.0,0.0
168.5334421243423,42.756,4.351212e-06,0.0,0.0
168.5330342070582,42.756,4.997244e-06,0.0,0.0
168.5325972450891,42.756,5.882714e-06,0.0,0.0
168.53219747690005,42.756,5.101581e-06,0.0,0.0
168.5317581269802,42.756,4.504182e-06,0.0,0.0
168.5313438296024,42.756,4.951391e-06,0.0,0.0
168.5309336903859,42.756,5.814873e-06,0.0,0.0
168.53049132743976,42.756,5.090114e-06,0.0,0.0
168.53009332579904,42.756,4.781992e-06,0.0,0.0
168.52968979996265,42.756,5.721071e-06,0.0,0.0
168.52928425862777,42.756,6.503076e-06,0.0,0.0
168.52883478667638,42.756,5.317721e-06,0.0,0.0
168.5284361826318,42.756,5.690948e-06,0.0,0.0
168.52802939180648,42.756,6.521601e-06,0.0,0.0
168.5275951026563,42.756,6.002418e-06,0.0,0.0
168.5271974199049,42.756,5.162612e-06,0.0,0.0
168.5267890148305,42.756,5.67027e-06,0.0,0.0
168.52634896763982,42.756,6.840346e-06,0.0,0.0
168.5259370923522,42.756,5.766808e-06,0.0,0.0
168.52552972911087,42.756,5.194292e-06,0.0,0.0
168.52509530824096,42.756,5.808892e-06,0.0,0.0
168.52468456001802,42.756,5.778376e-06,0.0,0.0
168.5242574946484,42.756,4.287096e-06,0.0,0.0
168.52382439151617,42.756,3.473979e-06,0.0,0.0
168.5233996108906,42.756,2.648754e-06,0.0,0.0
168.52299139775104,42.756,2.019078e-06,0.0,0.0
168.52259422025438,42.756,1.61877e-06,0.0,0.0
168.52215702683307,42.756,1.797496e-06,0.0,0.0
168.5217515575096,42.756,2.529283e-06,0.0,0.0
168.52132734892206,42.756,2.291519e-06,0.0,0.0
168.5209032439783,42.756,2.532746e-06,0.0,0.0
168.52046569168544,42.756,3.273643e-06,0.0,0.0
168.52007277030384,42.756,3.296387e-06,0.0,0.0
168.5196418268325,42.756,2.823319e-06,0.0,0.0
168.51925207496163,42.756,2.52256e-06,0.0,0.0
168.51881469733894,42.756,3.100562e-06,0.0,0.0
168.51837841958627,42.756,3.314126e-06,0.0,0.0
168.51797836030633,42.756,3.0792e-06,0.0,0.0
168.5175494134359,42.756,3.095207e-06,0.0,0.0
168.51716380358644,42.756,3.996058e-06,0.0,0.0
168.51674839829317,42.756,3.661669e-06,0.0,0.0
168.51631182248153,42.756,2.84861e-06,0.0,0.0
168.5159083478147,42.756,2.765373e-06,0.0,0.0
168.51547374366655,42.756,3.250127e-06,0.0,0.0
168.51507528613456,42.756,2.56543e-06,0.0,0.0
168.51466704022386,42.756,2.168585e-06,0.0,0.0
168.514243034584,42.756,2.889909e-06,0.0,0.0
168.51380648788324,42.756,3.359964e-06,0.0,0.0
168.51340521332682,42.756,2.9402e-06,0.0,0.0
168.51296779307614,42.756,2.808127e-06,0.0,0.0
168.51254258044224,42.756,3.965004e-06,0.0,0.0
168.5121067922196,42.756,3.790527e-06,0.0,0.0
168.5116993393613,42.756,3.442183e-06,0.0,0.0
168.511298914314,42.756,3.757465e-06,0.0,0.0
168.51086185403753,42.756,4.9831e-06,0.0,0.0
168.5104706825385,42.756,4.35386e-06,0.0,0.0
168.51004083568407,42.756,3.896959e-06,0.0,0.0
168.5096170963889,42.756,3.780297e-06,0.0,0.0
168.5092342234302,42.756,3.682566e-06,0.0,0.0
168.50880283992836,42.756,2.937886e-06,0.0,0.0
168.50836505655545,42.756,2.758257e-06,0.0,0.0
168.50796385773126,42.756,3.352514e-06,0.0,0.0
168.50753018558746,42.756,3.340887e-06,0.0,0.0
168.50714682957806,42.756,2.990069e-06,0.0,0.0
168.50672355930777,42.756,3.283771e-06,0.0,0.0
168.50629531839573,42.756,4.827074e-06,0.0,0.0
168.5058773138908,42.756,4.249101e-06,0.0,0.0
168.50545945730804,42.756,3.830297e-06,0.0,0.0
168.50500449513078,42.756,3.757668e-06,0.0,0.0
168.5046232095694,42.756,4.89087e-06,0.0,0.0
168.50420099972007,42.756,3.972425e-06,0.0,0.0
168.50379258139054,42.756,3.381341e-06,0.0,0.0
168.5033549380285,42.756,4.165064e-06,0.0,0.0
168.50295705563903,42.756,4.151065e-06,0.0,0.0
168.50252563501897,42.756,3.252397e-06,0.0,0.0
168.50209819030832,42.756,2.891553e-06,0.0,0.0
168.50166986248976,42.756,3.911613e-06,0.0,0.0
168.50127416704686,42.756,3.950845e-06,0.0,0.0
168.50083882818865,42.756,3.346198e-06,0.0,0.0
168.50041146204933,42.756,3.401932e-06,0.0,0.0
168.50000052755968,42.756,4.133399e-06,0.0,0.0
168.49957234600123,42.756,3.441965e-06,0.0,0.0
168.4991466300368,42.756,3.11069e-06,0.0,0.0
168.49875706601046,42.756,3.473848e-06,0.0,0.0
168.49831996447736,42.756,4.076879e-06,0.0,0.0
168.49792346568572,42.756,3.489462e-06,0.0,0.0
168.497483289757,42.756,3.575959e-06,0.0,0.0
168.4970820285668,42.756,4.908215e-06,0.0,0.0
168.49667326259902,42.756,5.248599e-06,0.0,0.0
168.49624854934845,42.756,4.224712e-06,0.0,0.0
168.49584973648376,42.756,3.656198e-06,0.0,0.0
168.49541323868743,42.756,4.03478e-06,0.0,0.0
168.49501086165148,42.756,3.991896e-06,0.0,0.0
168.4945860975384,42.756,3.498179e-06,0.0,0.0
168.49416721921742,42.756,3.810273e-06,0.0,0.0
168.4937638597466,42.756,5.484253e-06,0.0,0.0
168.49334604259028,42.756,5.797672e-06,0.0,0.0
168.49293149321463,42.756,4.879883e-06,0.0,0.0
168.4924931866157,42.756,4.517919e-06,0.0,0.0
168.4920582085047,42.756,5.486014e-06,0.0,0.0
168.4916447189181,42.756,4.872767e-06,0.0,0.0
168.49122572726912,42.756,4.539266e-06,0.0,0.0
168.4908252375079,42.756,5.027745e-06,0.0,0.0
168.49038636961922,42.756,6.135291e-06,0.0,0.0
168.48999379408954,42.756,5.214199e-06,0.0,0.0
168.4895672933899,42.756,4.653455e-06,0.0,0.0
168.48913845687449,42.756,4.738351e-06,0.0,0.0
168.48875398069256,42.756,5.567897e-06,0.0,0.0
168.48831552180454,42.756,4.531903e-06,0.0,0.0
168.4879147369269,42.756,3.914931e-06,0.0,0.0
168.48746581396802,42.756,4.703645e-06,0.0,0.0
168.48705147807445,42.756,5.368143e-06,0.0,0.0
168.486644945119,42.756,4.32886e-06,0.0,0.0
168.4862459306424,42.756,3.893554e-06,0.0,0.0
168.48580862548567,42.756,5.056645e-06,0.0,0.0
168.48541238844757,42.756,4.578862e-06,0.0,0.0
168.48498067884591,42.756,3.875131e-06,0.0,0.0
168.48454984924317,42.756,3.81982e-06,0.0,0.0
168.48413377188447,42.756,4.810863e-06,0.0,0.0
168.48371481859863,42.756,4.336223e-06,0.0,0.0
168.4833182876694,42.756,3.741545e-06,0.0,0.0
168.4828817846618,42.756,3.345078e-06,0.0,0.0
168.48248154714543,42.756,4.066795e-06,0.0,0.0
168.4820101130526,42.756,3.431953e-06,0.0,0.0
168.48162706024146,42.756,2.717061e-06,0.0,0.0
168.48119914286846,42.756,3.504625e-06,0.0,0.0
168.48079623180803,42.756,4.101123e-06,0.0,0.0
168.48036701609942,42.756,3.44975e-06,0.0,0.0
168.47993095794433,42.756,3.056761e-06,0.0,0.0
168.47949720413254,42.756,4.243149e-06,0.0,0.0
168.4790997769082,42.756,3.92228e-06,0.0,0.0
168.47870277658734,42.756,3.252979e-06,0.0,0.0
168.4782716383805,42.756,3.021938e-06,0.0,0.0
168.47785530729766,42.756,4.270216e-06,0.0,0.0
168.4774355199075,42.756,3.902212e-06,0.0,0.0
168.47703343758775,42.756,3.13246e-06,0.0,0.0
168.47661945817845,42.756,2.976172e-06,0.0,0.0
168.47619185246333,42.756,3.767709e-06,0.0,0.0
168.47579187427326,42.756,3.497305e-06,0.0,0.0
168.47535215216348,42.756,2.710804e-06,0.0,0.0
168.47493323230816,42.756,3.1698e-06,0.0,0.0
168.474531067539,42.756,3.789362e-06,0.0,0.0
168.4741079966747,42.756,2.940316e-06,0.0,0.0
168.47368940291233,42.756,2.136192e-06,0.0,0.0
168.47329057700324,42.756,2.363988e-06,0.0,0.0
168.47285700198069,42.756,3.332796e-06,0.0,0.0
168.47242302581134,42.756,3.050009e-06,0.0,0.0
168.471984638608,42.756,2.798319e-06,0.0,0.0
168.47158332666444,42.756,3.888112e-06,0.0,0.0
168.4711729273924,42.756,4.316302e-06,0.0,0.0
168.4707448283987,42.756,3.710462e-06,0.0,0.0
168.47034291192006,42.756,3.439593e-06,0.0,0.0
168.4698949206821,42.756,4.500354e-06,0.0,0.0
168.46949816302367,42.756,4.430432e-06,0.0,0.0
168.46907133692562,42.756,3.84335e-06,0.0,0.0
168.591240625,54.756,2.619659e-05,0.0,0.0
168.591240625,54.756,-1.256267e-07,0.0,0.0
168.591240625,54.756,6.731425e-07,0.0,0.0
168.59115759355407,54.756,1.216322e-06,0.0,0.0
168.5909720240328,54.756,1.64035e-06,0.0,0.0
168.59076009956536,54.756,1.974113e-06,0.0,0.0
168.59049280282093,54.756,2.160552e-06,0.0,0.0
168.59021828269547,54.756,1.866632e-06,0.0,0.0
168.58986280594812,54.756,2.781875e-06,0.0,0.0
168.5894699127164,54.756,2.163171e-06,0.0,0.0
168.589064410373,54.756,2.433822e-06,0.0,0.0
168.58862329086907,54.756,3.706606e-06,0.0,0.0
168.58822500794528,54.756,3.244451e-06,0.0,0.0
168.58778712072618,54.756,2.579996e-06,0.0,0.0
168.58736776243538,54.756,2.649089e-06,0.0,0.0
168.586955167118,54.756,3.976646e-06,0.0,0.0
168.58655165185957,54.756,3.631169e-06,0.0,0.0
168.58611358831052,54.756,2.905887e-06,0.0,0.0
168.585714959328,54.756,3.50771e-06,0.0,0.0
168.58530537421353,54.756,4.807371e-06,0.0,0.0
168.58487686361804,54.756,4.402624e-06,0.0,0.0
168.5844422074672,54.756,3.287729e-06,0.0,0.0
168.58403454206206,54.756,3.849898e-06,0.0,0.0
168.58359744802203,54.756,4.305475e-06,0.0,0.0
168.58319914959114,54.756,3.372363e-06,0.0,0.0
168.58279508414967,54.756,3.122826e-06,0.0,0.0
168.58236808871072,54.756,4.623915e-06,0.0,0.0
168.58193631424487,54.756,4.587491e-06,0.0,0.0
168.58149014436913,54.756,3.705514e-06,0.0,0.0
168.58108913267063,54.756,3.722089e-06,0.0,0.0
168.58069136109282,54.756,5.009162e-06,0.0,0.0
168.5802561336918,54.756,4.768473e-06,0.0,0.0
168.5798375875101,54.756,3.761743e-06,0.0,0.0
168.5794264515246,54.756,4.227564e-06,0.0,0.0
168.57899352035562,54.756,5.314767e-06,0.0,0.0
168.5785928667606,54.756,4.769463e-06,0.0,0.0
168.578184690117,54.756,3.866429e-06,0.0,0.0
168.57775620312668,54.756,4.376896e-06,0.0,0.0
168.57734417028894,54.756,4.996837e-06,0.0,0.0
168.57692319965548,54.756,4.192596e-06,0.0,0.0
168.57648554131438,54.756,3.992202e-06,0.0,0.0
168.57608436896268,54.756,5.289854e-06,0.0,0.0
168.57568654679648,54.756,5.424619e-06,0.0,0.0
168.5752520421752,54.756,4.448331e-06,0.0,0.0
168.57483695005715,54.756,4.554196e-06,0.0,0.0
168.574425775947,54.756,5.817419e-06,0.0,0.0
168.57401589563392,54.756,5.479029e-06,0.0,0.0
168.57357635186122,54.756,4.544243e-06,0.0,0.0
168.573177486573,54.756,5.398804e-06,0.0,0.0
168.57273768380233,54.756,6.047674e-06,0.0,0.0
168.57232850726615,54.756,5.255424e-06,0.0,0.0
168.57190582175497,54.756,4.934089e-06,0.0,0.0
168.5714714287058,54.756,5.857175e-06,0.0,0.0
168.57107057091704,54.756,5.879963e-06,0.0,0.0
168.57063358468025,54.756,4.942398e-06,0.0,0.0
168.5702346274656,54.756,4.876536e-06,0.0,0.0
168.56982351006656,54.756,6.169692e-06,0.0,0.0
168.56938987622866,54.756,5.362468e-06,0.0,0.0
168.56896717728722,54.756,4.556699e-06,0.0,0.0
168.56855379962576,54.756,5.066307e-06,0.0,0.0
168.56817052958942,54.756,6.025773e-06,0.0,0.0
168.56773087810268,54.756,5.646536e-06,0.0,0.0
168.56732056730675,54.756,4.73336e-06,0.0,0.0
168.56690871895125,54.756,6.118644e-06,0.0,0.0
168.566465788116,54.756,5.844253e-06,0.0,0.0
168.5660624739526,54.756,5.028021e-06,0.0,0.0
168.56566343599965,54.756,4.655012e-06,0.0,0.0
168.56526101108983,54.756,4.698682e-06,0.0,0.0
168.5648173514291,54.756,2.646848e-06,0.0,0.0
168.56439294552789,54.756,1.361826e-06,0.0,0.0
168.56395949133395,54.756,4.125613e-07,0.0,0.0
168.5635551393929,54.756,1.197186e-07,0.0,0.0
168.5631368850342,54.756,5.491893e-08,0.0,0.0
168.562714333103,54.756,5.216862e-08,0.0,0.0
168.56230327196943,54.756,4.701724e-08,0.0,0.0
168.561857292162,54.756,5.196489e-08,0.0,0.0
168.56144415073442,54.756,4.778849e-08,0.0,0.0
168.56103728445152,54.756,5.534093e-08,0.0,0.0
168.5605991340964,54.756,9.374344e-08,0.0,0.0
168.56019872629042,54.756,1.19966e-07,0.0,0.0
168.55979001992668,54.756,1.777516e-07,0.0,0.0
168.55935011954574,54.756,7.938506e-07,0.0,0.0
168.5589336883188,54.756,3.973313e-06,0.0,0.0
168.5585247170624,54.756,4.527697e-06,0.0,0.0
168.55812496431008,54.756,4.291229e-06,0.0,0.0
168.55768646251096,54.756,4.684087e-06,0.0,0.0
168.55728247447178,54.756,5.333743e-06,0.0,0.0
168.55685237849815,54.756,4.303365e-06,0.0,0.0
168.5564266811911,54.756,4.134228e-06,0.0,0.0
168.55601786155714,54.756,5.170165e-06,0.0,0.0
168.55561656563827,54.756,5.41973e-06,0.0,0.0
168.55521626876978,54.756,4.552421e-06,0.0,0.0
168.5547794965662,54.756,4.442263e-06,0.0,0.0
168.55435632139074,54.756,5.395763e-06,0.0,0.0
168.5539484603255,54.756,4.88096e-06,0.0,0.0
168.55354359645762,54.756,4.325484e-06,0.0,0.0
168.5531031584569,54.756,4.529153e-06,0.0,0.0
168.55270092544998,54.756,5.590875e-06,0.0,0.0
168.55226453532788,54.756,4.692891e-06,0.0,0.0
168.55184721059732,54.756,4.198213e-06,0.0,0.0
168.5514265027489,54.756,4.941059e-06,0.0,0.0
168.55099067578794,54.756,5.174836e-06,0.0,0.0
168.5505910593584,54.756,4.196234e-06,0.0,0.0
168.5501563787848,54.756,3.780267e-06,0.0,0.0
168.5497515491739,54.756,4.502246e-06,0.0,0.0
168.5493367121724,54.756,4.649279e-06,0.0,0.0
168.5489228522246,54.756,3.678855e-06,0.0,0.0
168.54851071894112,54.756,3.694324e-06,0.0,0.0
168.54809105809605,54.756,4.895002e-06,0.0,0.0
168.5476634350808,54.756,4.62048e-06,0.0,0.0
168.54727469327557,54.756,3.942841e-06,0.0,0.0
168.54683724991543,54.756,4.564514e-06,0.0,0.0
168.54642096608194,54.756,5.055757e-06,0.0,0.0
168.5460135394764,54.756,4.125701e-06,0.0,0.0
168.54557753338045,54.756,3.665293e-06,0.0,0.0
168.54518391188515,54.756,4.581962e-06,0.0,0.0
168.5447476404033,54.756,4.674352e-06,0.0,0.0
168.5443316760993,54.756,3.933426e-06,0.0,0.0
168.5438962480525,54.756,3.876034e-06,0.0,0.0
168.54348275493922,54.756,4.93374e-06,0.0,0.0
168.54308271565458,54.756,4.669055e-06,0.0,0.0
168.54267630597812,54.756,3.491019e-06,0.0,0.0
168.54224886165306,54.756,3.803347e-06,0.0,0.0
168.54180204033767,54.756,4.213944e-06,0.0,0.0
168.54138661325726,54.756,3.618334e-06,0.0,0.0
168.54097966476488,54.756,3.208901e-06,0.0,0.0
168.5405430933727,54.756,4.324844e-06,0.0,0.0
168.54014552415637,54.756,4.482456e-06,0.0,0.0
168.53971118861884,54.756,3.536406e-06,0.0,0.0
168.5393086382849,54.756,3.487497e-06,0.0,0.0
168.53886406580628,54.756,4.601243e-06,0.0,0.0
168.53843832942016,54.756,4.119895e-06,0.0,0.0
168.5380518558396,54.756,3.44307e-06,0.0,0.0
168.53761999412214,54.756,4.032016e-06,0.0,0.0
168.53721191656962,54.756,5.101363e-06,0.0,0.0
168.5368099535822,54.756,4.701564e-06,0.0,0.0
168.53637738932005,54.756,3.827663e-06,0.0,0.0
168.53596749510822,54.756,4.307774e-06,0.0,0.0
168.53553748282695,54.756,4.946472e-06,0.0,0.0
168.535157548948,54.756,4.094167e-06,0.0,0.0
168.53473107143603,54.756,3.741763e-06,0.0,0.0
168.5342954261634,54.756,4.979986e-06,0.0,0.0
168.53389581771717,54.756,4.954709e-06,0.0,0.0
168.53345963333123,54.756,4.022208e-06,0.0,0.0
168.53302902659215,54.756,4.044254e-06,0.0,0.0
168.53264577487633,54.756,5.308641e-06,0.0,0.0
168.53222185158504,54.756,4.94202e-06,0.0,0.0
168.5317861412244,54.756,4.278088e-06,0.0,0.0
168.53135378713674,54.756,5.115886e-06,0.0,0.0
168.53095369563607,54.756,6.137867e-06,0.0,0.0
168.53051659436656,54.756,5.464637e-06,0.0,0.0
168.53013288993088,54.756,4.682704e-06,0.0,0.0
168.52970561364128,54.756,6.066635e-06,0.0,0.0
168.5292741969336,54.756,6.191462e-06,0.0,0.0
168.52887270380322,54.756,5.325652e-06,0.0,0.0
168.52843975795406,54.756,5.100796e-06,0.0,0.0
168.52804231657998,54.756,6.616378e-06,0.0,0.0
168.5276240468774,54.756,6.170245e-06,0.0,0.0
168.52720299693846,54.756,5.311813e-06,0.0,0.0
168.52680376761484,54.756,5.508409e-06,0.0,0.0
168.52636478467784,54.756,6.994043e-06,0.0,0.0
168.5259639806357,54.756,6.14475e-06,0.0,0.0
168.5255304179021,54.756,5.245107e-06,0.0,0.0
168.52510665913877,54.756,5.770649e-06,0.0,0.0
168.52468664420255,54.756,6.03676e-06,0.0,0.0
168.52428715656458,54.756,4.981688e-06,0.0,0.0
168.52384821914288,54.756,4.854388e-06,0.0,0.0
168.52341938560815,54.756,6.439179e-06,0.0,0.0
168.52300959948747,54.756,5.59722e-06,0.0,0.0
168.52261068173735,54.756,4.118032e-06,0.0,0.0
168.52219139149128,54.756,3.962952e-06,0.0,0.0
168.52174730114172,54.756,4.902235e-06,0.0,0.0
168.521347634583,54.756,3.73846e-06,0.0,0.0
168.5209106030452,54.756,2.861008e-06,0.0,0.0
168.5204728957449,54.756,3.423571e-06,0.0,0.0
168.52008492643878,54.756,4.104266e-06,0.0,0.0
168.51964242560246,54.756,3.205962e-06,0.0,0.0
168.51923346691137,54.756,3.432622e-06,0.0,0.0
168.51881721880824,54.756,4.825561e-06,0.0,0.0
168.5184069977558,54.756,4.850808e-06,0.0,0.0
168.51800354522143,54.756,3.849782e-06,0.0,0.0
168.5175725663865,54.756,4.064961e-06,0.0,0.0
168.51715549207194,54.756,5.239053e-06,0.0,0.0
168.51674957701317,54.756,4.493399e-06,0.0,0.0
168.51633290202577,54.756,3.530789e-06,0.0,0.0
168.51590877396788,54.756,3.567475e-06,0.0,0.0
168.51547476724716,54.756,4.200352e-06,0.0,0.0
168.51508762981268,54.756,3.241366e-06,0.0,0.0
168.5146627151615,54.756,2.754154e-06,0.0,0.0
168.51423851995855,54.756,3.756431e-06,0.0,0.0
168.51383610484513,54.756,4.185655e-06,0.0,0.0
168.51339928434712,54.756,3.196488e-06,0.0,0.0
168.51299858896584,54.756,3.146182e-06,0.0,0.0
168.5125539837695,54.756,4.185073e-06,0.0,0.0
168.51214362926746,54.756,4.538553e-06,0.0,0.0
168.5117195081534,54.756,3.620939e-06,0.0,0.0
168.5113162370558,54.756,3.680267e-06,0.0,0.0
168.51087847854248,54.756,4.496236e-06,0.0,0.0
168.51047998512476,54.756,4.084912e-06,0.0,0.0
168.51005187099958,54.756,3.490422e-06,0.0,0.0
168.50964075703763,54.756,3.801892e-06,0.0,0.0
168.50924293888028,54.756,4.161731e-06,0.0,0.0
168.50880228870818,54.756,2.991583e-06,0.0,0.0
168.5083803732567,54.756,2.341738e-06,0.0,0.0
168.5079652065022,54.756,3.061316e-06,0.0,0.0
168.50756524779328,54.756,3.004432e-06,0.0,0.0
168.50715789242153,54.756,2.342349e-06,0.0,0.0
168.50673355881156,54.756,2.244866e-06,0.0,0.0
168.5062946729844,54.756,3.132591e-06,0.0,0.0
168.50589267225294,54.756,3.305337e-06,0.0,0.0
168.50545412918004,54.756,2.798042e-06,0.0,0.0
168.50505521504962,54.756,2.948611e-06,0.0,0.0
168.5046459172323,54.756,3.730689e-06,0.0,0.0
168.50421605808694,54.756,3.330206e-06,0.0,0.0
168.50377974337667,54.756,2.915986e-06,0.0,0.0
168.50337941355968,54.756,3.34371e-06,0.0,0.0
168.5029419077733,54.756,3.033914e-06,0.0,0.0
168.50254261916035,54.756,2.611137e-06,0.0,0.0
168.50212372895325,54.756,2.627654e-06,0.0,0.0
168.50169564344907,54.756,4.030255e-06,0.0,0.0
168.50126780011755,54.756,3.693509e-06,0.0,0.0
168.50084727004997,54.756,3.283247e-06,0.0,0.0
168.50044177768814,54.756,3.330366e-06,0.0,0.0
168.50000086115642,54.756,4.902002e-06,0.0,0.0
168.49957625028617,54.756,4.518326e-06,0.0,0.0
168.49919382523657,54.756,3.685855e-06,0.0,0.0
168.4987616809277,54.756,4.42368e-06,0.0,0.0
168.49836072753766,54.756,5.302878e-06,0.0,0.0
168.49792276916773,54.756,4.312868e-06,0.0,0.0
168.4975250482534,54.756,4.265123e-06,0.0,0.0
168.4971047129389,54.756,5.853013e-06,0.0,0.0
168.4966774666339,54.756,5.587557e-06,0.0,0.0
168.49628082797844,54.756,4.502945e-06,0.0,0.0
168.49584596397756,54.756,3.980487e-06,0.0,0.0
168.49544356653865,54.756,5.06865e-06,0.0,0.0
168.49500601509664,54.756,4.711997e-06,0.0,0.0
168.49460479526485,54.756,3.96643e-06,0.0,0.0
168.49419586882675,54.756,4.426111e-06,0.0,0.0
168.4937655643293,54.756,6.257178e-06,0.0,0.0
168.4933649411398,54.756,5.689086e-06,0.0,0.0
168.49292620212952,54.756,5.031063e-06,0.0,0.0
168.49248568860725,54.756,5.116992e-06,0.0,0.0
168.49205554306445,54.756,6.441376e-06,0.0,0.0
168.49167711386974,54.756,5.506197e-06,0.0,0.0
168.49124594430577,54.756,4.487069e-06,0.0,0.0
168.49081298883084,54.756,5.396578e-06,0.0,0.0
168.490416329907,54.756,5.735885e-06,0.0,0.0
168.48997764070154,54.756,4.631453e-06,0.0,0.0
168.48957941660817,54.756,4.300542e-06,0.0,0.0
168.48916946808075,54.756,5.035195e-06,0.0,0.0
168.48874139377415,54.756,5.17517e-06,0.0,0.0
168.48834109242006,54.756,4.313231e-06,0.0,0.0
168.48790558295144,54.756,3.992798e-06,0.0,0.0
168.48750475418652,54.756,4.617046e-06,0.0,0.0
168.48707882306832,54.756,4.306145e-06,0.0,0.0
168.4866555136875,54.756,3.498324e-06,0.0,0.0
168.4862640967908,54.756,3.362977e-06,0.0,0.0
168.48583259147486,54.756,4.175919e-06,0.0,0.0
168.485432344438,54.756,3.962632e-06,0.0,0.0
168.48499590068644,54.756,3.296402e-06,0.0,0.0
168.48456785037152,54.756,4.168949e-06,0.0,0.0
168.48412892784802,54.756,5.25084e-06,0.0,0.0
168.48372106858272,54.756,4.408706e-06,0.0,0.0
168.48331876688536,54.756,3.712848e-06,0.0,0.0
168.48289547561075,54.756,4.58282e-06,0.0,0.0
168.48247879260492,54.756,4.779562e-06,0.0,0.0
168.48205032154763,54.756,3.917085e-06,0.0,0.0
168.48162119516397,54.756,3.576934e-06,0.0,0.0
168.48120519922117,54.756,4.907706e-06,0.0,0.0
168.48080404497315,54.756,4.570626e-06,0.0,0.0
168.48036632151027,54.756,3.661407e-06,0.0,0.0
168.47996313234017,54.756,3.19723e-06,0.0,0.0
168.47953474929054,54.756,4.165442e-06,0.0,0.0
168.4791050378231,54.756,3.601075e-06,0.0,0.0
168.47869821086232,54.756,2.956804e-06,0.0,0.0
168.47829868369703,54.756,3.300651e-06,0.0,0.0
168.4778634526995,54.756,4.600457e-06,0.0,0.0
168.47746455015056,54.756,4.035173e-06,0.0,0.0
168.47703118068478,54.756,3.179972e-06,0.0,0.0
168.47662634318706,54.756,3.50138e-06,0.0,0.0
168.47622182797647,54.756,4.435264e-06,0.0,0.0
168.47578660816217,54.756,4.099391e-06,0.0,0.0
168.47538469818585,54.756,3.223351e-06,0.0,0.0
168.47494761416522,54.756,3.961744e-06,0.0,0.0
168.47454501526155,54.756,4.624439e-06,0.0,0.0
168.47412467077953,54.756,3.864319e-06,0.0,0.0
168.4737016435053,54.756,3.092078e-06,0.0,0.0
168.47330359981396,54.756,3.952504e-06,0.0,0.0
168.47286458578043,54.756,4.267305e-06,0.0,0.0
168.4724257501871,54.756,3.445108e-06,0.0,0.0
168.47198854789937,54.756,3.235938e-06,0.0,0.0
168.47160392496656,54.756,4.552639e-06,0.0,0.0
168.47117513301114,54.756,4.528891e-06,0.0,0.0
168.4707812996507,54.756,3.59914e-06,0.0,0.0
168.47035008126434,54.756,3.000241e-06,0.0,0.0
168.46992147368266,54.756,4.066591e-06,0.0,0.0
168.46951542372457,54.756,4.43538e-06,0.0,0.0
168.46909290444978,54.756,3.515161e-06,0.0,0.0
168.591240625,66.756,2.576791e-05,0.0,0.0
168.591240625,66.756,-1.398439e-07,0.0,0.0
168.591240625,66.756,6.897026e-07,0.0,0.0
168.5911600082787,66.756,1.207023e-06,0.0,0.0
168.5909761812458,66.756,1.602573e-06,0.0,0.0
168.59076461906184,66.756,1.918423e-06,0.0,0.0
168.59050000757242,66.756,2.101937e-06,0.0,0.0
168.59021919826213,66.756,2.065004e-06,0.0,0.0
168.58986777082518,66.756,2.515444e-06,0.0,0.0
168.589451458741,66.756,2.108922e-06,0.0,0.0
168.58905669031986,66.756,2.61821e-06,0.0,0.0
168.5886153312487,66.756,3.368696e-06,0.0,0.0
168.58824432839262,66.756,2.82313e-06,0.0,0.0
168.58781009789593,66.756,2.200177e-06,0.0,0.0
168.587370937297,66.756,2.453817e-06,0.0,0.0
168.58696827964877,66.756,3.861613e-06,0.0,0.0
168.58654005987216,66.756,3.205365e-06,0.0,0.0
168.58612971411125,66.756,2.34769e-06,0.0,0.0
168.58572386576992,66.756,3.160138e-06,0.0,0.0
168.585288894302,66.756,4.13759e-06,0.0,0.0
168.5848913680981,66.756,3.551657e-06,0.0,0.0
168.58445468109826,66.756,2.729983e-06,0.0,0.0
168.58402689091534,66.756,3.523994e-06,0.0,0.0
168.5835904306869,66.756,3.925088e-06,0.0,0.0
168.58321613981244,66.756,3.078749e-06,0.0,0.0
168.5827799027672,66.756,2.86811e-06,0.0,0.0
168.58234061911926,66.756,4.376678e-06,0.0,0.0
168.58193938368686,66.756,4.204354e-06,0.0,0.0
168.58150258713604,66.756,3.01555e-06,0.0,0.0
168.58107760691556,66.756,3.066918e-06,0.0,0.0
168.58069348477704,66.756,4.23193e-06,0.0,0.0
168.5802597450123,66.756,3.679103e-06,0.0,0.0
168.57984056996165,66.756,2.969275e-06,0.0,0.0
168.57941443103965,66.756,3.732726e-06,0.0,0.0
168.57901154403262,66.756,5.057344e-06,0.0,0.0
168.5785828370757,66.756,3.848589e-06,0.0,0.0
168.57815336415266,66.756,3.298337e-06,0.0,0.0
168.57774102499275,66.756,4.666683e-06,0.0,0.0
168.5773391855283,66.756,5.271853e-06,0.0,0.0
168.57691106467612,66.756,4.228728e-06,0.0,0.0
168.57647961560625,66.756,4.322661e-06,0.0,0.0
168.57607636158968,66.756,6.024115e-06,0.0,0.0
168.57566313086735,66.756,5.605863e-06,0.0,0.0
168.57526599864198,66.756,4.128364e-06,0.0,0.0
168.57484795937958,66.756,4.440095e-06,0.0,0.0
168.57442353958777,66.756,5.76365e-06,0.0,0.0
168.57398308741244,66.756,5.032547e-06,0.0,0.0
168.5735947644611,66.756,4.230853e-06,0.0,0.0
168.57316892573803,66.756,5.608425e-06,0.0,0.0
168.5727442443773,66.756,6.381131e-06,0.0,0.0
168.57230459580052,66.756,4.94851e-06,0.0,0.0
168.57190369837264,66.756,4.709364e-06,0.0,0.0
168.5714649398471,66.756,6.312024e-06,0.0,0.0
168.57106441634852,66.756,5.717055e-06,0.0,0.0
168.5706482489601,66.756,4.389687e-06,0.0,0.0
168.57022191245213,66.756,4.99899e-06,0.0,0.0
168.56982094009115,66.756,6.246628e-06,0.0,0.0
168.56938242604716,66.756,4.981935e-06,0.0,0.0
168.5689785379471,66.756,4.264148e-06,0.0,0.0
168.5685451389038,66.756,5.298833e-06,0.0,0.0
168.56817152948847,66.756,6.048198e-06,0.0,0.0
168.56771859708093,66.756,4.526853e-06,0.0,0.0
168.56730655983475,66.756,4.319925e-06,0.0,0.0
168.56688896803655,66.756,6.00412e-06,0.0,0.0
168.56647314936723,66.756,6.187998e-06,0.0,0.0
168.5660520378527,66.756,4.666115e-06,0.0,0.0
168.56564669975364,66.756,4.348476e-06,0.0,0.0
168.5652448319628,66.756,4.39318e-06,0.0,0.0
168.5648040791646,66.756,2.749206e-06,0.0,0.0
168.56437850271809,66.756,1.099557e-06,0.0,0.0
168.5639614778172,66.756,3.778259e-07,0.0,0.0
168.56350115541818,66.756,1.245935e-07,0.0,0.0
168.56311381396205,66.756,5.358015e-08,0.0,0.0
168.5627006487086,66.756,4.193862e-08,0.0,0.0
168.56230167712053,66.756,5.013135e-08,0.0,0.0
168.56185203375296,66.756,4.279718e-08,0.0,0.0
168.56144200238407,66.756,4.231697e-08,0.0,0.0
168.56103841750496,66.756,6.855407e-08,0.0,0.0
168.5606039290902,66.756,1.563312e-07,0.0,0.0
168.5602063456977,66.756,3.626483e-07,0.0,0.0
168.55977100837313,66.756,1.142005e-06,0.0,0.0
168.55935589968198,66.756,2.676345e-06,0.0,0.0
168.55893620077123,66.756,4.317859e-06,0.0,0.0
168.55849694828737,66.756,4.062123e-06,0.0,0.0
168.55809666543755,66.756,3.368477e-06,0.0,0.0
168.5576823100647,66.756,4.309768e-06,0.0,0.0
168.55728847013586,66.756,4.767033e-06,0.0,0.0
168.55685084020314,66.756,3.816225e-06,0.0,0.0
168.55642589211195,66.756,3.486741e-06,0.0,0.0
168.5560151453391,66.756,4.954563e-06,0.0,0.0
168.5556136263603,66.756,4.795176e-06,0.0,0.0
168.5552143221893,66.756,3.799039e-06,0.0,0.0
168.55477772639003,66.756,3.689347e-06,0.0,0.0
168.5543613921833,66.756,4.845962e-06,0.0,0.0
168.5539415720021,66.756,3.819514e-06,0.0,0.0
168.55350552908098,66.756,2.982866e-06,0.0,0.0
168.55310906549923,66.756,3.762849e-06,0.0,0.0
168.5526594407833,66.756,4.760121e-06,0.0,0.0
168.5522698260095,66.756,3.632289e-06,0.0,0.0
168.55182453179907,66.756,3.392895e-06,0.0,0.0
168.55141119611088,66.756,4.87073e-06,0.0,0.0
168.5510015654978,66.756,4.753703e-06,0.0,0.0
168.55056268854426,66.756,3.604699e-06,0.0,0.0
168.55016506017023,66.756,3.379115e-06,0.0,0.0
168.54976958320825,66.756,4.739864e-06,0.0,0.0
168.5493349704342,66.756,4.367015e-06,0.0,0.0
168.54890873142418,66.756,3.285619e-06,0.0,0.0
168.54849692176336,66.756,3.54326e-06,0.0,0.0
168.5480972207716,66.756,4.074653e-06,0.0,0.0
168.5476591621126,66.756,3.45787e-06,0.0,0.0
168.5472581302756,66.756,2.857574e-06,0.0,0.0
168.54683865013376,66.756,4.081201e-06,0.0,0.0
168.54639810898783,66.756,4.654648e-06,0.0,0.0
168.54598523870465,66.756,3.240581e-06,0.0,0.0
168.5455834966832,66.756,2.727e-06,0.0,0.0
168.5451826251924,66.756,3.755908e-06,0.0,0.0
168.54474252610527,66.756,3.589812e-06,0.0,0.0
168.5443318622306,66.756,2.623245e-06,0.0,0.0
168.5439094512955,66.756,2.391185e-06,0.0,0.0
168.5434739854584,66.756,3.563327e-06,0.0,0.0
168.54307480787682,66.756,3.122826e-06,0.0,0.0
168.5426669061375,66.756,1.987952e-06,0.0,0.0
168.54223815310576,66.756,1.782668e-06,0.0,0.0
168.54179654326597,66.756,2.151544e-06,0.0,0.0
168.54137964620438,66.756,1.838707e-06,0.0,0.0
168.5409655925721,66.756,1.602224e-06,0.0,0.0
168.54052941136294,66.756,2.295637e-06,0.0,0.0
168.5401296964129,66.756,1.940061e-06,0.0,0.0
168.5396912125911,66.756,1.389417e-06,0.0,0.0
168.53928664110478,66.756,1.23505e-06,0.0,0.0
168.53887228421897,66.756,1.860273e-06,0.0,0.0
168.53845784386652,66.756,1.887849e-06,0.0,0.0
168.53805376506918,66.756,1.434106e-06,0.0,0.0
168.53760866391255,66.756,1.385473e-06,0.0,0.0
168.5372203711145,66.756,1.901033e-06,0.0,0.0
168.53680743390933,66.756,1.551001e-06,0.0,0.0
168.5363660474503,66.756,1.085209e-06,0.0,0.0
168.53595262930784,66.756,1.381602e-06,0.0,0.0
168.5355500600021,66.756,1.872191e-06,0.0,0.0
168.53515030666267,66.756,1.559893e-06,0.0,0.0
168.53471330728186,66.756,1.245367e-06,0.0,0.0
168.53430558732737,66.756,1.79396e-06,0.0,0.0
168.5338918169651,66.756,1.988054e-06,0.0,0.0
168.53344476990583,66.756,1.610664e-06,0.0,0.0
168.53303651173238,66.756,1.935128e-06,0.0,0.0
168.53261774996315,66.756,2.655637e-06,0.0,0.0
168.5321941129008,66.756,2.463581e-06,0.0,0.0
168.53176036930063,66.756,2.065295e-06,0.0,0.0
168.5313464084895,66.756,3.190333e-06,0.0,0.0
168.5309328725304,66.756,3.90604e-06,0.0,0.0
168.5305247415504,66.756,3.30036e-06,0.0,0.0
168.53010284906446,66.756,2.694869e-06,0.0,0.0
168.52968525781196,66.756,3.497844e-06,0.0,0.0
168.52928135366392,66.756,3.735418e-06,0.0,0.0
168.52886589751796,66.756,2.840941e-06,0.0,0.0
168.52844631166525,66.756,2.525499e-06,0.0,0.0
168.52801301735002,66.756,3.520399e-06,0.0,0.0
168.5276117908535,66.756,3.366018e-06,0.0,0.0
168.52721135540298,66.756,2.513159e-06,0.0,0.0
168.5267694489446,66.756,3.338631e-06,0.0,0.0
168.5263593705297,66.756,4.169546e-06,0.0,0.0
168.52594854948055,66.756,3.648718e-06,0.0,0.0
168.5255067881106,66.756,2.731831e-06,0.0,0.0
168.5251065046755,66.756,3.330133e-06,0.0,0.0
168.52470193701225,66.756,3.395282e-06,0.0,0.0
168.52427076330514,66.756,2.677436e-06,0.0,0.0
168.52383802870006,66.756,2.265864e-06,0.0,0.0
168.52341294150813,66.756,3.53824e-06,0.0,0.0
168.52300466447613,66.756,3.697962e-06,0.0,0.0
168.52260541096675,66.756,2.522444e-06,0.0,0.0
168.52216688599268,66.756,2.553337e-06,0.0,0.0
168.52176658853094,66.756,3.248846e-06,0.0,0.0
168.52132131671294,66.756,2.544504e-06,0.0,0.0
168.52090932429343,66.756,1.966575e-06,0.0,0.0
168.52046434805447,66.756,2.710149e-06,0.0,0.0
168.5200583481741,66.756,2.638873e-06,0.0,0.0
168.5196461770176,66.756,1.987224e-06,0.0,0.0
168.51922307277582,66.756,1.911903e-06,0.0,0.0
168.51881286229295,66.756,2.704619e-06,0.0,0.0
168.51839993072628,66.756,2.415094e-06,0.0,0.0
168.5179855953908,66.756,1.842258e-06,0.0,0.0
168.5175473474124,66.756,1.965993e-06,0.0,0.0
168.51714752674528,66.756,2.833549e-06,0.0,0.0
168.51674566054868,66.756,2.47873e-06,0.0,0.0
168.51633118210418,66.756,1.940673e-06,0.0,0.0
168.5159069482801,66.756,2.30693e-06,0.0,0.0
168.5154727083432,66.756,2.688976e-06,0.0,0.0
168.5150716056392,66.756,2.334389e-06,0.0,0.0
168.51466361184902,66.756,2.038112e-06,0.0,0.0
168.51423940695008,66.756,2.945919e-06,0.0,0.0
168.51382675401493,66.756,3.092544e-06,0.0,0.0
168.51340135372988,66.756,2.230416e-06,0.0,0.0
168.51296932721962,66.756,2.097033e-06,0.0,0.0
168.51253518371476,66.756,2.889239e-06,0.0,0.0
168.5121287898826,66.756,2.518515e-06,0.0,0.0
168.51173226210614,66.756,1.783716e-06,0.0,0.0
168.51128932115358,66.756,1.949913e-06,0.0,0.0
168.5108761660274,66.756,2.681452e-06,0.0,0.0
168.51045690983318,66.756,2.080487e-06,0.0,0.0
168.51002258019875,66.756,1.556036e-06,0.0,0.0
168.50962616684228,66.756,1.866501e-06,0.0,0.0
168.50922938304342,66.756,1.962326e-06,0.0,0.0
168.5087926238444,66.756,1.719469e-06,0.0,0.0
168.50837238389275,66.756,1.632565e-06,0.0,0.0
168.50795705189097,66.756,2.277971e-06,0.0,0.0
168.507550316829,66.756,2.399727e-06,0.0,0.0
168.50711376073735,66.756,2.104964e-06,0.0,0.0
168.50672216980402,66.756,2.419518e-06,0.0,0.0
168.5063117649362,66.756,3.646841e-06,0.0,0.0
168.5058657945318,66.756,3.406938e-06,0.0,0.0
168.50545173234224,66.756,2.96584e-06,0.0,0.0
168.50504872415695,66.756,3.425012e-06,0.0,0.0
168.5046320691571,66.756,4.125948e-06,0.0,0.0
168.50421173900648,66.756,2.93093e-06,0.0,0.0
168.50377383593406,66.756,2.193919e-06,0.0,0.0
168.50335726757658,66.756,3.039939e-06,0.0,0.0
168.50294671958724,66.756,3.110268e-06,0.0,0.0
168.50254295171422,66.756,2.528352e-06,0.0,0.0
168.50209507351258,66.756,2.739063e-06,0.0,0.0
168.5016698957757,66.756,3.623558e-06,0.0,0.0
168.50125196051522,66.756,3.155626e-06,0.0,0.0
168.5008367462781,66.756,2.559536e-06,0.0,0.0
168.50041105781057,66.756,3.640831e-06,0.0,0.0
168.5000028193031,66.756,4.012531e-06,0.0,0.0
168.4995667946506,66.756,3.30995e-06,0.0,0.0
168.4991695222808,66.756,2.678949e-06,0.0,0.0
168.49876670037054,66.756,3.734895e-06,0.0,0.0
168.49833415251604,66.756,4.026966e-06,0.0,0.0
168.4979086102698,66.756,3.161505e-06,0.0,0.0
168.4974942215189,66.756,2.864035e-06,0.0,0.0
168.49708251693522,66.756,4.051501e-06,0.0,0.0
168.4966862487081,66.756,4.051573e-06,0.0,0.0
168.49624104199032,66.756,2.766668e-06,0.0,0.0
168.49584019695877,66.756,2.251065e-06,0.0,0.0
168.49542543334735,66.756,3.136913e-06,0.0,0.0
168.49501894556366,66.756,3.5579e-06,0.0,0.0
168.49458239902592,66.756,3.405221e-06,0.0,0.0
168.4941820373658,66.756,3.465786e-06,0.0,0.0
168.49374470592994,66.756,4.426343e-06,0.0,0.0
168.49333131778835,66.756,4.059693e-06,0.0,0.0
168.49291868976664,66.756,3.348789e-06,0.0,0.0
168.49247164137506,66.756,3.650304e-06,0.0,0.0
168.49206838492262,66.756,4.062007e-06,0.0,0.0
168.49163074592263,66.756,3.308407e-06,0.0,0.0
168.49123008680118,66.756,2.581175e-06,0.0,0.0
168.49082107381773,66.756,3.211549e-06,0.0,0.0
168.49040109716375,66.756,3.534704e-06,0.0,0.0
168.4899591570274,66.756,2.548899e-06,0.0,0.0
168.48955295961574,66.756,1.876469e-06,0.0,0.0
168.4891573536437,66.756,2.228495e-06,0.0,0.0
168.48875504061152,66.756,2.698245e-06,0.0,0.0
168.48831133038811,66.756,2.258021e-06,0.0,0.0
168.48789891517887,66.756,2.215907e-06,0.0,0.0
168.48748734749088,66.756,3.46177e-06,0.0,0.0
168.48705897455827,66.756,3.75032e-06,0.0,0.0
168.4866483958266,66.756,2.908317e-06,0.0,0.0
168.48624883001443,66.756,2.738263e-06,0.0,0.0
168.4858364064333,66.756,3.993438e-06,0.0,0.0
168.48539128534037,66.756,3.967958e-06,0.0,0.0
168.4849804426993,66.756,2.874585e-06,0.0,0.0
168.4845535788663,66.756,3.487934e-06,0.0,0.0
168.4841438174867,66.756,3.950932e-06,0.0,0.0
168.48370648727408,66.756,3.595298e-06,0.0,0.0
168.48328506691502,66.756,3.116933e-06,0.0,0.0
168.48288531631658,66.756,3.451292e-06,0.0,0.0
168.48247056266655,66.756,3.586596e-06,0.0,0.0
168.48203202600024,66.756,2.982255e-06,0.0,0.0
168.48163135658515,66.756,2.842891e-06,0.0,0.0
168.48119139983137,66.756,3.917507e-06,0.0,0.0
168.48078375116305,66.756,3.840556e-06,0.0,0.0
168.48036896907374,66.756,2.709261e-06,0.0,0.0
168.47991874970648,66.756,2.737419e-06,0.0,0.0
168.47951207571128,66.756,3.437832e-06,0.0,0.0
168.47911421074843,66.756,3.136665e-06,0.0,0.0
168.47867659569667,66.756,2.703513e-06,0.0,0.0
168.47827235244918,66.756,3.78603e-06,0.0,0.0
168.47786698962128,66.756,4.433139e-06,0.0,0.0
168.47742219075306,66.756,3.590059e-06,0.0,0.0
168.47701434221258,66.756,3.061316e-06,0.0,0.0
168.47661441310404,66.756,3.48351e-06,0.0,0.0
168.4762146098376,66.756,4.108559e-06,0.0,0.0
168.4757759507309,66.756,3.393608e-06,0.0,0.0
168.4753558027919,66.756,3.026697e-06,0.0,0.0
168.47495132262043,66.756,3.858906e-06,0.0,0.0
168.4745467493086,66.756,4.370828e-06,0.0,0.0
168.4741117929996,66.756,3.595749e-06,0.0,0.0
168.47371368657858,66.756,2.948538e-06,0.0,0.0
168.47327795864967,66.756,4.0179e-06,0.0,0.0
168.47285880396052,66.756,3.940164e-06,0.0,0.0
168.4724124644037,66.756,2.833753e-06,0.0,0.0
168.47199903118295,66.756,2.308312e-06,0.0,0.0
168.47159871024928,66.756,3.235822e-06,0.0,0.0
168.47115928224127,66.756,3.058085e-06,0.0,0.0
168.47075870826103,66.756,2.502173e-06,0.0,0.0
168.47033943532415,66.756,2.194152e-06,0.0,0.0
168.46992516170528,66.756,2.898159e-06,0.0,0.0
168.46948714410593,66.756,2.928064e-06,0.0,0.0
168.46908675991153,66.756,2.504268e-06,0.0,0.0
168.591240625,78.756,2.62048e-05,0.0,0.0
168.591240625,78.756,3.324531e-07,0.0,0.0
168.591240625,78.756,1.225751e-06,0.0,0.0
168.59115532070578,78.756,1.789784e-06,0.0,0.0
168.59097014314187,78.756,2.216664e-06,0.0,0.0
168.59075153892346,78.756,2.549714e-06,0.0,0.0
168.59048901651636,78.756,2.773435e-06,0.0,0.0
168.59020189041124,78.756,2.782937e-06,0.0,0.0
168.58985086988326,78.756,3.410503e-06,0.0,0.0
168.589464821772,78.756,2.81696e-06,0.0,0.0
168.58903370660883,78.756,3.309717e-06,0.0,0.0
168.58864795459428,78.756,4.361835e-06,0.0,0.0
168.58821667466862,78.756,4.320318e-06,0.0,0.0
168.58778715991494,78.756,3.432287e-06,0.0,0.0
168.5873556007027,78.756,3.302805e-06,0.0,0.0
168.5869451564102,78.756,4.281435e-06,0.0,0.0
168.5865404470177,78.756,4.271118e-06,0.0,0.0
168.5861281387211,78.756,3.400535e-06,0.0,0.0
168.58572064153276,78.756,4.049449e-06,0.0,0.0
168.58528602417175,78.756,4.908943e-06,0.0,0.0
168.5848774163431,78.756,4.767207e-06,0.0,0.0
168.58443636178154,78.756,3.821173e-06,0.0,0.0
168.58400465901997,78.756,4.639034e-06,0.0,0.0
168.58357693459462,78.756,5.933078e-06,0.0,0.0
168.58318881667677,78.756,4.250571e-06,0.0,0.0
168.58275292049493,78.756,3.708905e-06,0.0,0.0
168.58234128762206,78.756,5.104361e-06,0.0,0.0
168.58191318634363,78.756,5.480819e-06,0.0,0.0
168.58148811201403,78.756,4.009751e-06,0.0,0.0
168.5810917834958,78.756,4.077971e-06,0.0,0.0
168.58066028730738,78.756,5.389375e-06,0.0,0.0
168.5802564149946,78.756,5.134105e-06,0.0,0.0
168.57982042503352,78.756,3.918278e-06,0.0,0.0
168.5794041106001,78.756,4.598973e-06,0.0,0.0
168.57899717989704,78.756,5.761452e-06,0.0,0.0
168.57856933343783,78.756,5.908616e-06,0.0,0.0
168.57818700490813,78.756,4.39721e-06,0.0,0.0
168.57775436557867,78.756,5.609632e-06,0.0,0.0
168.57731474254274,78.756,6.544229e-06,0.0,0.0
168.5769142896309,78.756,5.364258e-06,0.0,0.0
168.57647593664177,78.756,4.602523e-06,0.0,0.0
168.57608573556277,78.756,5.889538e-06,0.0,0.0
168.57565865740418,78.756,6.301154e-06,0.0,0.0
168.57526608661055,78.756,4.808942e-06,0.0,0.0
168.5748313051387,78.756,4.651316e-06,0.0,0.0
168.57443090617326,78.756,6.17381e-06,0.0,0.0
168.57399205264184,78.756,6.215589e-06,0.0,0.0
168.5735620900314,78.756,4.707923e-06,0.0,0.0
168.5731776997614,78.756,5.47705e-06,0.0,0.0
168.57275210631715,78.756,6.189468e-06,0.0,0.0
168.572313973579,78.756,5.476453e-06,0.0,0.0
168.5718753450664,78.756,4.667047e-06,0.0,0.0
168.57147742167615,78.756,5.850117e-06,0.0,0.0
168.57104768331826,78.756,6.019909e-06,0.0,0.0
168.57063994973575,78.756,4.675094e-06,0.0,0.0
168.5702390248744,78.756,4.988629e-06,0.0,0.0
168.56979926916483,78.756,6.295901e-06,0.0,0.0
168.5693962474842,78.756,5.614391e-06,0.0,0.0
168.5689598289711,78.756,4.383808e-06,0.0,0.0
168.56856044105896,78.756,5.041002e-06,0.0,0.0
168.56814441128154,78.756,6.308896e-06,0.0,0.0
168.56772358555767,78.756,5.036054e-06,0.0,0.0
168.56732509917697,78.756,4.507325e-06,0.0,0.0
168.56688420929467,78.756,5.532667e-06,0.0,0.0
168.5664794006582,78.756,6.104165e-06,0.0,0.0
168.56604598796872,78.756,4.273126e-06,0.0,0.0
168.5656595125435,78.756,4.22723e-06,0.0,0.0
168.56523259209422,78.756,3.943307e-06,0.0,0.0
168.56479697564765,78.756,2.150482e-06,0.0,0.0
168.56440095544122,78.756,6.361952e-07,0.0,0.0
168.5639599357243,78.756,2.480956e-07,0.0,0.0
168.56352252145774,78.756,1.065637e-07,0.0,0.0
168.5631193858667,78.756,5.484617e-08,0.0,0.0
168.5627237048292,78.756,4.566391e-08,0.0,0.0
168.56229073127517,78.756,5.571928e-08,0.0,0.0
168.5618513811744,78.756,6.296614e-08,0.0,0.0
168.56146722815365,78.756,6.411574e-08,0.0,0.0
168.56100549027667,78.756,9.046926e-08,0.0,0.0
168.56060713210175,78.756,2.191227e-07,0.0,0.0
168.56020933048092,78.756,1.218243e-06,0.0,0.0
168.559775762887,78.756,2.442917e-06,0.0,0.0
168.5593428313586,78.756,3.823414e-06,0.0,0.0
168.5589325179559,78.756,5.169713e-06,0.0,0.0
168.55848812242115,78.756,5.042006e-06,0.0,0.0
168.55809951138008,78.756,3.993904e-06,0.0,0.0
168.55767854949627,78.756,4.653426e-06,0.0,0.0
168.5572820975491,78.756,5.528113e-06,0.0,0.0
168.5568453343752,78.756,4.789385e-06,0.0,0.0
168.55644309219122,78.756,3.869151e-06,0.0,0.0
168.5560025362924,78.756,4.941932e-06,0.0,0.0
168.55562229294912,78.756,5.555616e-06,0.0,0.0
168.55519649947192,78.756,4.230678e-06,0.0,0.0
168.55476688950657,78.756,4.085989e-06,0.0,0.0
168.55437031221132,78.756,5.126742e-06,0.0,0.0
168.55393205830904,78.756,5.193404e-06,0.0,0.0
168.5535331580768,78.756,4.061701e-06,0.0,0.0
168.55311049665156,78.756,4.909059e-06,0.0,0.0
168.5526856637447,78.756,5.742651e-06,0.0,0.0
168.55225665456766,78.756,5.100737e-06,0.0,0.0
168.55181809272875,78.756,4.203015e-06,0.0,0.0
168.55141064069562,78.756,5.080889e-06,0.0,0.0
168.5509769955528,78.756,5.644135e-06,0.0,0.0
168.55057892751577,78.756,4.342015e-06,0.0,0.0
168.55016785230382,78.756,3.90879e-06,0.0,0.0
168.54977164225068,78.756,5.036622e-06,0.0,0.0
168.54933866133473,78.756,5.209004e-06,0.0,0.0
168.5489026699945,78.756,3.907815e-06,0.0,0.0
168.54850703507722,78.756,4.304253e-06,0.0,0.0
168.548080626655,78.756,5.32245e-06,0.0,0.0
168.54766566961058,78.756,5.355614e-06,0.0,0.0
168.54726365217647,78.756,3.994282e-06,0.0,0.0
168.54682220603257,78.756,4.791858e-06,0.0,0.0
168.54640132957115,78.756,5.478782e-06,0.0,0.0
168.54598609721285,78.756,4.787129e-06,0.0,0.0
168.54558223136036,78.756,3.729088e-06,0.0,0.0
168.5451679121784,78.756,4.566667e-06,0.0,0.0
168.54472378368922,78.756,4.941292e-06,0.0,0.0
168.5443393039814,78.756,3.668261e-06,0.0,0.0
168.54388415849226,78.756,3.75307e-06,0.0,0.0
168.54346579363747,78.756,5.017529e-06,0.0,0.0
168.5430706125466,78.756,5.104477e-06,0.0,0.0
168.5426403723761,78.756,3.880326e-06,0.0,0.0
168.54225042798006,78.756,4.381116e-06,0.0,0.0
168.54180919636244,78.756,5.220529e-06,0.0,0.0
168.54137009579898,78.756,5.05241e-06,0.0,0.0
168.54097095939144,78.756,3.68859e-06,0.0,0.0
168.54054225896311,78.756,4.607122e-06,0.0,0.0
168.5401145908988,78.756,5.105787e-06,0.0,0.0
168.5396957217965,78.756,3.818728e-06,0.0,0.0
168.53929571657335,78.756,3.163979e-06,0.0,0.0
168.53885739712024,78.756,4.087749e-06,0.0,0.0
168.53845891956288,78.756,3.943496e-06,0.0,0.0
168.53802446254738,78.756,2.541448e-06,0.0,0.0
168.53761650618324,78.756,2.533227e-06,0.0,0.0
168.5372095750159,78.756,3.207926e-06,0.0,0.0
168.536802615716,78.756,2.902379e-06,0.0,0.0
168.5363690311245,78.756,1.981665e-06,0.0,0.0
168.53596572100554,78.756,2.376095e-06,0.0,0.0
168.53553475794368,78.756,3.02594e-06,0.0,0.0
168.53512603535663,78.756,2.551082e-06,0.0,0.0
168.53471949926356,78.756,2.098124e-06,0.0,0.0
168.5342833965357,78.756,3.058332e-06,0.0,0.0
168.53388391284494,78.756,3.440713e-06,0.0,0.0
168.5334445858123,78.756,2.347908e-06,0.0,0.0
168.53301023297414,78.756,2.295492e-06,0.0,0.0
168.5326295954047,78.756,3.439738e-06,0.0,0.0
168.5322037674073,78.756,3.352819e-06,0.0,0.0
168.53177341801415,78.756,2.301604e-06,0.0,0.0
168.5313546264133,78.756,2.892863e-06,0.0,0.0
168.53091972842546,78.756,4.22739e-06,0.0,0.0
168.5305021886085,78.756,3.499634e-06,0.0,0.0
168.53009388605585,78.756,2.256435e-06,0.0,0.0
168.5296945488592,78.756,3.266032e-06,0.0,0.0
168.529259702048,78.756,4.266854e-06,0.0,0.0
168.52886098010725,78.756,3.271169e-06,0.0,0.0
168.5284296725458,78.756,3.1995e-06,0.0,0.0
168.52801300344763,78.756,4.34785e-06,0.0,0.0
168.52761010618474,78.756,5.008333e-06,0.0,0.0
168.527190229278,78.756,3.39064e-06,0.0,0.0
168.52678961458793,78.756,4.272893e-06,0.0,0.0
168.52634764454058,78.756,5.308713e-06,0.0,0.0
168.5259452393783,78.756,4.626476e-06,0.0,0.0
168.52551671454702,78.756,3.38383e-06,0.0,0.0
168.52508831939866,78.756,4.519767e-06,0.0,0.0
168.52470169187174,78.756,5.4829e-06,0.0,0.0
168.5242706645129,78.756,3.978697e-06,0.0,0.0
168.5238233414569,78.756,4.876551e-06,0.0,0.0
168.5234168273008,78.756,6.195361e-06,0.0,0.0
168.52301138885812,78.756,6.545102e-06,0.0,0.0
168.52258233618844,78.756,4.681642e-06,0.0,0.0
168.52215119503657,78.756,5.298862e-06,0.0,0.0
168.5217582393871,78.756,6.053335e-06,0.0,0.0
168.5213148744118,78.756,5.128182e-06,0.0,0.0
168.52089593154113,78.756,4.247166e-06,0.0,0.0
168.52047840883728,78.756,5.641021e-06,0.0,0.0
168.5200445537569,78.756,6.136208e-06,0.0,0.0
168.5196416210609,78.756,4.792033e-06,0.0,0.0
168.51924157123554,78.756,4.326939e-06,0.0,0.0
168.518804763543,78.756,5.598864e-06,0.0,0.0
168.51840180467872,78.756,5.534559e-06,0.0,0.0
168.51796231621103,78.756,4.221904e-06,0.0,0.0
168.51755732535278,78.756,5.020775e-06,0.0,0.0
168.5171424531778,78.756,6.043309e-06,0.0,0.0
168.51672213446585,78.756,5.723516e-06,0.0,0.0
168.51632094956315,78.756,4.018671e-06,0.0,0.0
168.51588245211087,78.756,4.487825e-06,0.0,0.0
168.51548269027347,78.756,5.440394e-06,0.0,0.0
168.51506003191483,78.756,4.446105e-06,0.0,0.0
168.51468033813032,78.756,4.263347e-06,0.0,0.0
168.51425318346145,78.756,5.604437e-06,0.0,0.0
168.5138123241961,78.756,6.222355e-06,0.0,0.0
168.51340906589752,78.756,5.205293e-06,0.0,0.0
168.51297895556195,78.756,4.33797e-06,0.0,0.0
168.51254612663237,78.756,5.38466e-06,0.0,0.0
168.51211451993186,78.756,5.614042e-06,0.0,0.0
168.51172830448024,78.756,4.22739e-06,0.0,0.0
168.51129302347297,78.756,4.984424e-06,0.0,0.0
168.51087154117295,78.756,5.826616e-06,0.0,0.0
168.5104550187327,78.756,5.635491e-06,0.0,0.0
168.5100185888893,78.756,4.066591e-06,0.0,0.0
168.5096369099015,78.756,4.65053e-06,0.0,0.0
168.50921364986323,78.756,5.343725e-06,0.0,0.0
168.50877943950624,78.756,4.304733e-06,0.0,0.0
168.50837871566642,78.756,3.388952e-06,0.0,0.0
168.50794680753356,78.756,4.239293e-06,0.0,0.0
168.50754366642553,78.756,4.835791e-06,0.0,0.0
168.5071334275274,78.756,3.96106e-06,0.0,0.0
168.5067317385826,78.756,4.185757e-06,0.0,0.0
168.5062977480973,78.756,5.988069e-06,0.0,0.0
168.50587620550905,78.756,6.057671e-06,0.0,0.0
168.50546544929992,78.756,4.340036e-06,0.0,0.0
168.50503180785407,78.756,5.139533e-06,0.0,0.0
168.50462542738896,78.756,6.149625e-06,0.0,0.0
168.50422074235834,78.756,4.800371e-06,0.0,0.0
168.5037864281539,78.756,3.426001e-06,0.0,0.0
168.50335116032628,78.756,4.453628e-06,0.0,0.0
168.50295329514952,78.756,5.421942e-06,0.0,0.0
168.50251815944068,78.756,3.968249e-06,0.0,0.0
168.50208845987137,78.756,4.215501e-06,0.0,0.0
168.50167207028247,78.756,5.3283e-06,0.0,0.0
168.50127185825795,78.756,4.706686e-06,0.0,0.0
168.50083269409274,78.756,3.404304e-06,0.0,0.0
168.50042427570006,78.756,4.355898e-06,0.0,0.0
168.49999418396155,78.756,5.456328e-06,0.0,0.0
168.4995651268281,78.756,4.457004e-06,0.0,0.0
168.49914516174826,78.756,3.384266e-06,0.0,0.0
168.49875390165738,78.756,4.327405e-06,0.0,0.0
168.498341993337,78.756,5.27408e-06,0.0,0.0
168.49792172231878,78.756,3.890877e-06,0.0,0.0
168.4974826886561,78.756,3.686699e-06,0.0,0.0
168.49709512497793,78.756,4.629546e-06,0.0,0.0
168.49666367040024,78.756,4.700327e-06,0.0,0.0
168.49626722489177,78.756,3.094814e-06,0.0,0.0
168.4958322671125,78.756,2.939429e-06,0.0,0.0
168.49543271100535,78.756,3.886496e-06,0.0,0.0
168.49499242227074,78.756,4.166795e-06,0.0,0.0
168.4946128208069,78.756,3.299065e-06,0.0,0.0
168.49419220256553,78.756,3.765526e-06,0.0,0.0
168.49375694770262,78.756,5.134265e-06,0.0,0.0
168.4933556171297,78.756,5.058988e-06,0.0,0.0
168.49291625308416,78.756,3.681838e-06,0.0,0.0
168.49247470031636,78.756,3.855588e-06,0.0,0.0
168.49207346967424,78.756,5.116366e-06,0.0,0.0
168.49165843171008,78.756,4.202288e-06,0.0,0.0
168.4912268214322,78.756,3.392503e-06,0.0,0.0
168.49079448980177,78.756,4.09731e-06,0.0,0.0
168.49039096290193,78.756,4.785164e-06,0.0,0.0
168.48996182617552,78.756,3.558467e-06,0.0,0.0
168.4895593068559,78.756,2.615561e-06,0.0,0.0
168.48913989829708,78.756,3.248424e-06,0.0,0.0
168.48875028038378,78.756,3.527864e-06,0.0,0.0
168.48831021837492,78.756,2.916189e-06,0.0,0.0
168.48790181417897,78.756,2.460205e-06,0.0,0.0
168.4874768671679,78.756,3.45055e-06,0.0,0.0
168.48707434906623,78.756,3.502268e-06,0.0,0.0
168.48665829192024,78.756,2.755056e-06,0.0,0.0
168.48622878746653,78.756,3.054258e-06,0.0,0.0
168.48582641606427,78.756,4.358299e-06,0.0,0.0
168.48539461757812,78.756,4.572357e-06,0.0,0.0
168.4849598700418,78.756,4.044603e-06,0.0,0.0
168.4845627085822,78.756,4.767062e-06,0.0,0.0
168.4841315738746,78.756,5.589129e-06,0.0,0.0
168.48370576208643,78.756,5.305264e-06,0.0,0.0
168.48330574896403,78.756,4.486763e-06,0.0,0.0
168.48288127925005,78.756,4.902118e-06,0.0,0.0
168.48246540958593,78.756,5.668888e-06,0.0,0.0
168.48203703769252,78.756,4.716203e-06,0.0,0.0
168.48161488144305,78.756,4.744215e-06,0.0,0.0
168.48119740850518,78.756,5.31516e-06,0.0,0.0
168.48079744580943,78.756,5.487993e-06,0.0,0.0
168.48036049539465,78.756,4.558184e-06,0.0,0.0
168.47991993604205,78.756,4.672445e-06,0.0,0.0
168.4795227143277,78.756,5.32392e-06,0.0,0.0
168.4790978444712,78.756,5.191658e-06,0.0,0.0
168.47868001399243,78.756,4.095651e-06,0.0,0.0
168.47828192998276,78.756,4.415051e-06,0.0,0.0
168.47784397833328,78.756,5.174807e-06,0.0,0.0
168.47744482869035,78.756,4.663947e-06,0.0,0.0
168.47700979178478,78.756,3.994108e-06,0.0,0.0
168.47660212296933,78.756,4.181478e-06,0.0,0.0
168.47619781278274,78.756,5.173992e-06,0.0,0.0
168.47579726914665,78.756,4.464862e-06,0.0,0.0
168.47535916376142,78.756,3.966372e-06,0.0,0.0
168.4749418241435,78.756,4.791771e-06,0.0,0.0
168.47452561197684,78.756,5.12469e-06,0.0,0.0
168.47409109623564,78.756,4.463e-06,0.0,0.0
168.47371766848028,78.756,3.912864e-06,0.0,0.0
168.47327853868552,78.756,4.708505e-06,0.0,0.0
168.47284170118496,78.756,5.167691e-06,0.0,0.0
168.4724137540255,78.756,4.322166e-06,0.0,0.0
168.47200130258153,78.756,3.613517e-06,0.0,0.0
168.47157306366734,78.756,4.857211e-06,0.0,0.0
168.47115946892816,78.756,4.88873e-06,0.0,0.0
168.4707614371022,78.756,4.335394e-06,0.0,0.0
168.47034558117738,78.756,3.709953e-06,0.0,0.0
168.46990978060575,78.756,4.468297e-06,0.0,0.0
168.46948641397847,78.756,4.643327e-06,0.0,0.0
168.46907559395012,78.756,3.757392e-06,0.0,0.0
168.591240625,88.792,2.859526e-05,0.0,0.0
168.591240625,88.792,1.877022e-06,0.0,0.0
168.591240625,88.792,2.7364e-06,0.0,0.0
168.5911640654368,88.792,3.276335e-06,0.0,0.0
168.59097899993316,88.792,3.688227e-06,0.0,0.0
168.5907696531621,88.792,4.000773e-06,0.0,0.0
168.5905058809728,88.792,4.139089e-06,0.0,0.0
168.59022918340645,88.792,2.656001e-06,0.0,0.0
168.58986610982598,88.792,1.962137e-06,0.0,0.0
168.58946800917457,88.792,3.327121e-06,0.0,0.0
168.5890643192252,88.792,3.293884e-06,0.0,0.0
168.5886545151108,88.792,2.999193e-06,0.0,0.0
168.58822747622693,88.792,3.054345e-06,0.0,0.0
168.58781229747612,88.792,4.072586e-06,0.0,0.0
168.5873982015085,88.792,4.46687e-06,0.0,0.0
168.58695245295814,88.792,3.215464e-06,0.0,0.0
168.586543149257,88.792,4.03545e-06,0.0,0.0
168.586135934336,88.792,5.384703e-06,0.0,0.0
168.5857401648144,88.792,4.882764e-06,0.0,0.0
168.5853244325483,88.792,4.208734e-06,0.0,0.0
168.5848787240726,88.792,4.10853e-06,0.0,0.0
168.58446507566714,88.792,5.669324e-06,0.0,0.0
168.58402694301105,88.792,4.469155e-06,0.0,0.0
168.58362204416875,88.792,3.59767e-06,0.0,0.0
168.58322084016103,88.792,4.399219e-06,0.0,0.0
168.58280884313058,88.792,5.012073e-06,0.0,0.0
168.58236282661537,88.792,4.430534e-06,0.0,0.0
168.58194477672106,88.792,3.918598e-06,0.0,0.0
168.581505245664,88.792,4.48864e-06,0.0,0.0
168.5811028649599,88.792,5.005757e-06,0.0,0.0
168.5807000658646,88.792,4.159956e-06,0.0,0.0
168.58026133138702,88.792,3.94907e-06,0.0,0.0
168.57984350614632,88.792,5.541078e-06,0.0,0.0
168.57942854292995,88.792,5.713577e-06,0.0,0.0
168.57902067010926,88.792,5.022244e-06,0.0,0.0
168.5785819552677,88.792,4.837377e-06,0.0,0.0
168.57817933882455,88.792,6.195725e-06,0.0,0.0
168.57777318892542,88.792,5.348935e-06,0.0,0.0
168.57734084602063,88.792,4.632748e-06,0.0,0.0
168.5769148127672,88.792,5.332346e-06,0.0,0.0
168.57650473982133,88.792,6.814735e-06,0.0,0.0
168.5761064940134,88.792,5.554553e-06,0.0,0.0
168.57566823844644,88.792,4.960239e-06,0.0,0.0
168.57526400816164,88.792,5.796319e-06,0.0,0.0
168.57484807220874,88.792,6.768096e-06,0.0,0.0
168.5744258139463,88.792,5.520735e-06,0.0,0.0
168.57402284239964,88.792,4.975271e-06,0.0,0.0
168.57357598656588,88.792,6.652364e-06,0.0,0.0
168.57318110730242,88.792,6.292525e-06,0.0,0.0
168.5727746848566,88.792,5.974231e-06,0.0,0.0
168.57232845654954,88.792,5.689872e-06,0.0,0.0
168.57191505238742,88.792,6.67086e-06,0.0,0.0
168.57146808331373,88.792,5.736511e-06,0.0,0.0
168.5710670259014,88.792,4.942165e-06,0.0,0.0
168.57066760684393,88.792,6.146802e-06,0.0,0.0
168.57026304648178,88.792,6.314178e-06,0.0,0.0
168.56981740646756,88.792,5.501555e-06,0.0,0.0
168.5694055657904,88.792,5.116643e-06,0.0,0.0
168.56899396484627,88.792,6.343995e-06,0.0,0.0
168.56855167963445,88.792,6.212038e-06,0.0,0.0
168.56815536031934,88.792,5.187379e-06,0.0,0.0
168.56775282296772,88.792,5.409427e-06,0.0,0.0
168.5673306960894,88.792,6.221439e-06,0.0,0.0
168.56689388584664,88.792,5.201131e-06,0.0,0.0
168.5664787774912,88.792,5.286463e-06,0.0,0.0
168.56607718531907,88.792,5.738024e-06,0.0,0.0
168.56567656902993,88.792,5.497277e-06,0.0,0.0
168.5652415250496,88.792,3.783774e-06,0.0,0.0
168.56482680321204,88.792,2.317989e-06,0.0,0.0
168.56441208191166,88.792,8.599745e-07,0.0,0.0
168.5639634838471,88.792,1.60755e-07,0.0,0.0
168.56355754069904,88.792,7.367635e-08,0.0,0.0
168.5631446865184,88.792,5.966285e-08,0.0,0.0
168.56275280604865,88.792,5.867332e-08,0.0,0.0
168.56229173839014,88.792,4.687172e-08,0.0,0.0
168.56187656596677,88.792,5.456968e-08,0.0,0.0
168.56144230668522,88.792,1.089938e-07,0.0,0.0
168.56103235686504,88.792,1.836306e-07,0.0,0.0
168.5606316876191,88.792,3.285095e-07,0.0,0.0
168.56022961980534,88.792,9.186188e-07,0.0,0.0
168.55978528484127,88.792,3.098699e-06,0.0,0.0
168.55937029295245,88.792,5.121226e-06,0.0,0.0
168.55894882513505,88.792,4.676302e-06,0.0,0.0
168.55851264888213,88.792,4.264657e-06,0.0,0.0
168.55811142748,88.792,5.872207e-06,0.0,0.0
168.55771395915207,88.792,5.349066e-06,0.0,0.0
168.5572776776931,88.792,4.310772e-06,0.0,0.0
168.55685929819623,88.792,4.28925e-06,0.0,0.0
168.5564336785188,88.792,5.633148e-06,0.0,0.0
168.55603744994855,88.792,5.630558e-06,0.0,0.0
168.5556378367528,88.792,4.517904e-06,0.0,0.0
168.55520342784834,88.792,4.630681e-06,0.0,0.0
168.55479390884724,88.792,5.763708e-06,0.0,0.0
168.55437923370582,88.792,4.592468e-06,0.0,0.0
168.55395977224435,88.792,4.123387e-06,0.0,0.0
168.55352034840098,88.792,5.235313e-06,0.0,0.0
168.55311964608225,88.792,5.646027e-06,0.0,0.0
168.55271158147488,88.792,5.434675e-06,0.0,0.0
168.5522736715976,88.792,4.770685e-06,0.0,0.0
168.55183871233373,88.792,5.525508e-06,0.0,0.0
168.5514076690432,88.792,4.801695e-06,0.0,0.0
168.5509996611845,88.792,4.376314e-06,0.0,0.0
168.55059665711656,88.792,4.355403e-06,0.0,0.0
168.5501651786281,88.792,5.301597e-06,0.0,0.0
168.5497622382092,88.792,4.694142e-06,0.0,0.0
168.549348706216,88.792,4.22122e-06,0.0,0.0
168.54893367804934,88.792,4.375877e-06,0.0,0.0
168.54852283516277,88.792,4.868416e-06,0.0,0.0
168.54809047861966,88.792,3.898385e-06,0.0,0.0
168.54767074566246,88.792,3.673471e-06,0.0,0.0
168.54726596934907,88.792,4.850706e-06,0.0,0.0
168.546853078211,88.792,4.780319e-06,0.0,0.0
168.54643195529644,88.792,4.22477e-06,0.0,0.0
168.54599339299804,88.792,3.945592e-06,0.0,0.0
168.5455921253144,88.792,4.750094e-06,0.0,0.0
168.54518877250322,88.792,4.107453e-06,0.0,0.0
168.54477985591114,88.792,3.301117e-06,0.0,0.0
168.54432342145526,88.792,3.901761e-06,0.0,0.0
168.5439119720167,88.792,4.86619e-06,0.0,0.0
168.5434752512666,88.792,4.394053e-06,0.0,0.0
168.54307045345354,88.792,4.160072e-06,0.0,0.0
168.54267038310536,88.792,4.75558e-06,0.0,0.0
168.54226545964573,88.792,4.776375e-06,0.0,0.0
168.54182046275938,88.792,4.218775e-06,0.0,0.0
168.5414072303689,88.792,4.041722e-06,0.0,0.0
168.54096103370418,88.792,4.985181e-06,0.0,0.0
168.54055399618042,88.792,4.092595e-06,0.0,0.0
168.5401364978518,88.792,3.50659e-06,0.0,0.0
168.53972368858786,88.792,3.31123e-06,0.0,0.0
168.5393114868718,88.792,4.023139e-06,0.0,0.0
168.53886634446388,88.792,3.307679e-06,0.0,0.0
168.53845352390266,88.792,2.812638e-06,0.0,0.0
168.53804612786143,88.792,3.214867e-06,0.0,0.0
168.53764459263144,88.792,3.264999e-06,0.0,0.0
168.53724304122534,88.792,2.617613e-06,0.0,0.0
168.5368027715712,88.792,2.617642e-06,0.0,0.0
168.53638264578257,88.792,3.109119e-06,0.0,0.0
168.5359668732598,88.792,2.895627e-06,0.0,0.0
168.53556146879876,88.792,2.598244e-06,0.0,0.0
168.53515744471838,88.792,2.795001e-06,0.0,0.0
168.53475275184238,88.792,3.380977e-06,0.0,0.0
168.534304559413,88.792,3.011039e-06,0.0,0.0
168.53389031255844,88.792,2.7801e-06,0.0,0.0
168.5334769204673,88.792,2.942048e-06,0.0,0.0
168.53304239671968,88.792,3.316236e-06,0.0,0.0
168.53263904301738,88.792,3.031353e-06,0.0,0.0
168.53219963371913,88.792,3.350578e-06,0.0,0.0
168.53179460208997,88.792,4.497531e-06,0.0,0.0
168.53136454299866,88.792,4.398578e-06,0.0,0.0
168.53093649281726,88.792,3.515452e-06,0.0,0.0
168.53052879694283,88.792,4.107176e-06,0.0,0.0
168.530127470739,88.792,5.574679e-06,0.0,0.0
168.5296885061595,88.792,4.926915e-06,0.0,0.0
168.52928164079455,88.792,4.360918e-06,0.0,0.0
168.5288682796402,88.792,4.666435e-06,0.0,0.0
168.52845542821655,88.792,5.487149e-06,0.0,0.0
168.52805157628953,88.792,4.090442e-06,0.0,0.0
168.5276128103686,88.792,3.463836e-06,0.0,0.0
168.52721375076476,88.792,3.973153e-06,0.0,0.0
168.52680293297593,88.792,4.176021e-06,0.0,0.0
168.52635691674925,88.792,3.435038e-06,0.0,0.0
168.52594360256506,88.792,3.30391e-06,0.0,0.0
168.52553821887972,88.792,3.313355e-06,0.0,0.0
168.5251180432384,88.792,2.924367e-06,0.0,0.0
168.52469620012107,88.792,2.460438e-06,0.0,0.0
168.5242862316779,88.792,2.974295e-06,0.0,0.0
168.5238536017713,88.792,3.502457e-06,0.0,0.0
168.52342325306677,88.792,3.39387e-06,0.0,0.0
168.52301430830218,88.792,3.412642e-06,0.0,0.0
168.52261547054007,88.792,3.96726e-06,0.0,0.0
168.52217985364916,88.792,3.940324e-06,0.0,0.0
168.52174047155316,88.792,3.048452e-06,0.0,0.0
168.52132583134824,88.792,3.341716e-06,0.0,0.0
168.52091266370357,88.792,3.76266e-06,0.0,0.0
168.52050058950192,88.792,3.473164e-06,0.0,0.0
168.52006240923578,88.792,3.015841e-06,0.0,0.0
168.5196623212987,88.792,3.352296e-06,0.0,0.0
168.51921334103122,88.792,3.406181e-06,0.0,0.0
168.51881334515122,88.792,3.063687e-06,0.0,0.0
168.51840004751196,88.792,2.939923e-06,0.0,0.0
168.51798650856725,88.792,3.329304e-06,0.0,0.0
168.51758636577227,88.792,3.667519e-06,0.0,0.0
168.5171507062038,88.792,3.155772e-06,0.0,0.0
168.5167488650416,88.792,2.905261e-06,0.0,0.0
168.51632722199165,88.792,3.109759e-06,0.0,0.0
168.51591777287246,88.792,2.717992e-06,0.0,0.0
168.51547777247114,88.792,2.328743e-06,0.0,0.0
168.51507382061922,88.792,2.736473e-06,0.0,0.0
168.51467297778953,88.792,2.808694e-06,0.0,0.0
168.51426536190235,88.792,3.311914e-06,0.0,0.0
168.51383100405198,88.792,2.835775e-06,0.0,0.0
168.5134063816325,88.792,3.509558e-06,0.0,0.0
168.51299496451202,88.792,3.656678e-06,0.0,0.0
168.5125557200013,88.792,3.279813e-06,0.0,0.0
168.5121379069199,88.792,3.18019e-06,0.0,0.0
168.51172258058352,88.792,4.092144e-06,0.0,0.0
168.5113115581669,88.792,4.056288e-06,0.0,0.0
168.51088331145965,88.792,3.729816e-06,0.0,0.0
168.5104646529103,88.792,3.327688e-06,0.0,0.0
168.51004322994785,88.792,3.538822e-06,0.0,0.0
168.50964543439417,88.792,3.045992e-06,0.0,0.0
168.50924649727378,88.792,2.47173e-06,0.0,0.0
168.5087862037475,88.792,2.650981e-06,0.0,0.0
168.508382387282,88.792,2.880333e-06,0.0,0.0
168.50798041164975,88.792,2.544068e-06,0.0,0.0
168.50754615377528,88.792,2.405082e-06,0.0,0.0
168.5071452797204,88.792,2.709814e-06,0.0,0.0
168.50674255884644,88.792,2.940651e-06,0.0,0.0
168.50630527742626,88.792,2.782661e-06,0.0,0.0
168.50588438000025,88.792,2.794957e-06,0.0,0.0
168.5054697027371,88.792,3.168243e-06,0.0,0.0
168.505066549,88.792,2.7856e-06,0.0,0.0
168.50462612466296,88.792,2.426823e-06,0.0,0.0
168.5042249281033,88.792,2.372471e-06,0.0,0.0
168.5037848725603,88.792,2.326487e-06,0.0,0.0
168.50335598493348,88.792,2.032495e-06,0.0,0.0
168.50295073304355,88.792,2.216606e-06,0.0,0.0
168.5025444725124,88.792,2.412649e-06,0.0,0.0
168.5021071365568,88.792,2.46735e-06,0.0,0.0
168.5017049233658,88.792,2.469285e-06,0.0,0.0
168.5012709657057,88.792,2.774963e-06,0.0,0.0
168.5008577710531,88.792,3.42587e-06,0.0,0.0
168.50043988341355,88.792,3.422494e-06,0.0,0.0
168.49999990447185,88.792,4.111775e-06,0.0,0.0
168.49959845168087,88.792,4.071248e-06,0.0,0.0
168.49915900370686,88.792,4.768604e-06,0.0,0.0
168.49875806769634,88.792,3.801833e-06,0.0,0.0
168.49834556765174,88.792,3.4556e-06,0.0,0.0
168.49792265618234,88.792,3.183624e-06,0.0,0.0
168.49751949298948,88.792,2.915185e-06,0.0,0.0
168.4970834853845,88.792,3.049921e-06,0.0,0.0
168.4966812604093,88.792,2.839995e-06,0.0,0.0
168.49627626617362,88.792,3.279725e-06,0.0,0.0
168.49586189574416,88.792,2.844987e-06,0.0,0.0
168.4954401336478,88.792,3.16248e-06,0.0,0.0
168.49499989109455,88.792,3.054898e-06,0.0,0.0
168.4945969831751,88.792,3.985348e-06,0.0,0.0
168.49420427916223,88.792,3.678593e-06,0.0,0.0
168.49376564003978,88.792,4.225934e-06,0.0,0.0
168.4933501686328,88.792,3.683104e-06,0.0,0.0
168.49292741322796,88.792,4.25984e-06,0.0,0.0
168.49248869374142,88.792,3.8203e-06,0.0,0.0
168.49208951328444,88.792,4.038098e-06,0.0,0.0
168.49165066785673,88.792,3.941735e-06,0.0,0.0
168.49124825826607,88.792,4.315851e-06,0.0,0.0
168.49083584325595,88.792,3.771216e-06,0.0,0.0
168.49041113199831,88.792,4.053683e-06,0.0,0.0
168.4899738726611,88.792,3.957306e-06,0.0,0.0
168.48956963019748,88.792,4.481495e-06,0.0,0.0
168.48916783083482,88.792,3.898123e-06,0.0,0.0
168.48872901441172,88.792,4.178466e-06,0.0,0.0
168.48830916426408,88.792,4.012938e-06,0.0,0.0
168.48790400953078,88.792,4.579633e-06,0.0,0.0
168.4874730005384,88.792,4.518763e-06,0.0,0.0
168.48708820677342,88.792,4.488757e-06,0.0,0.0
168.48664745066927,88.792,4.427755e-06,0.0,0.0
168.48624437104152,88.792,4.038971e-06,0.0,0.0
168.48581020893596,88.792,3.877634e-06,0.0,0.0
168.48542076295328,88.792,3.984562e-06,0.0,0.0
168.48499369405525,88.792,4.824178e-06,0.0,0.0
168.4845517312534,88.792,4.25191e-06,0.0,0.0
168.48415039923285,88.792,4.734087e-06,0.0,0.0
168.48371267552122,88.792,4.276211e-06,0.0,0.0
168.48330230690576,88.792,4.710324e-06,0.0,0.0
168.4828900926578,88.792,4.240341e-06,0.0,0.0
168.4824767238347,88.792,3.829671e-06,0.0,0.0
168.4820365324564,88.792,4.198053e-06,0.0,0.0
168.48162866574924,88.792,4.27854e-06,0.0,0.0
168.48119176462276,88.792,4.298025e-06,0.0,0.0
168.48080322211206,88.792,4.298461e-06,0.0,0.0
168.4803715878082,88.792,4.330694e-06,0.0,0.0
168.47994170429394,88.792,3.934561e-06,0.0,0.0
168.47953234701967,88.792,3.885842e-06,0.0,0.0
168.47909286335613,88.792,3.734764e-06,0.0,0.0
168.4786925191692,88.792,4.014e-06,0.0,0.0
168.47828311390467,88.792,3.31807e-06,0.0,0.0
168.47786713524462,88.792,4.297355e-06,0.0,0.0
168.47745221326682,88.792,4.125817e-06,0.0,0.0
168.47704833221687,88.792,3.961337e-06,0.0,0.0
168.47660070849486,88.792,3.633759e-06,0.0,0.0
168.4762077201037,88.792,3.60384e-06,0.0,0.0
168.47579890477377,88.792,3.126581e-06,0.0,0.0
168.47538105934166,88.792,3.598587e-06,0.0,0.0
168.47496716758346,88.792,3.555702e-06,0.0,0.0
168.4745287308847,88.792,4.157948e-06,0.0,0.0
168.47412580195288,88.792,3.75841e-06,0.0,0.0
168.47372372225516,88.792,3.134512e-06,0.0,0.0
168.47328213717142,88.792,4.075424e-06,0.0,0.0
168.47286142585963,88.792,3.591165e-06,0.0,0.0
168.47243949589938,88.792,3.301931e-06,0.0,0.0
168.47200059984308,88.792,3.113935e-06,0.0,0.0
168.47160094570353,88.792,3.798195e-06,0.0,0.0
168.471163199748,88.792,3.925335e-06,0.0,0.0
168.470758499003,88.792,2.444678e-06,0.0,0.0
168.47034349479776,88.792,2.523113e-06,0.0,0.0
168.46992840738673,88.792,3.893976e-06,0.0,0.0
168.46949697900843,88.792,3.978697e-06,0.0,0.0
168.46908670404687,88.792,3.748093e-06,0.0,0.0
