,Filename (includes date): ,DC Collect Speed: ,DC Voltage: ,Note: ,mm per encode step: ,Number of Expected tracks (DC): ,Number of Expected tracks (AC): ,ACDC offset: ,Laser offset: ,Index Mark (raw - not laser corrected): ,from GUI: Index Mark Relative Depth: ,from GUI: Index Mark Absolute Depth: ,X min Position (raw - not laser corrected): ,X max Position (raw - not laser corrected): ,Tube top depth (m),Distance to top of tube (mm),Measurment top depth (m),AC,DC,Good to use?,Additional Notes
1,2023-05-25-07-29-DIC1-222.txt,25,1000,first run of day,0.25,,,239.5,20.8,364.5421875,0,,392.7484375,714.7109375,203.374,0,203.374,0,1,1,this is really 222a
10,2023-05-25-07-52-DIC1-222.txt,25,1000,try again on AC,0.25,,,239.5,20.8,364.5421875,0,,363.4,756.8,203.374,0,203.374,1,0,1,"this is really 222a. Index mark here was 0.567, which can't be right, so I've changed it to match the DC run"
18,2023-05-25-08-17-dic1-222b.txt,25,1000,seccond peice of dic1-222,0.25,,,239.5,20.8,480.4859375,0,,480.484375,725.9734375,203.374,379,203.753,1,0,1,
12,2023-05-25-08-37-dic1-222b.txt,25,1000,dc run on 2nd peice of dic1-222,0.25,,,239.5,20.8,480.5578125,0,,497.2734375,696.153125,203.374,379,203.753,0,1,1,
14,2023-05-25-09-14-dic1-223e.txt,25,1000,fifth piece of 223e - dc,0.25,,,239.5,20.8,445.1984375,0,,463.56,624.08,204.111,555,204.666,0,1,1,EDIT - I took a meter off this as I think it's wrong - should be 1m deeper. See notes doc. I also was forced to change the index mark - it was basically zero and can't be right
19,2023-05-25-09-24-dic1-223e.txt,25,1000,fifth peice of 223e - ac,0.25,,,239.5,20.8,445.1984375,0,,445.1984375,659.55,204.111,555,204.666,1,0,1,
15,2023-05-25-09-58-dic1-224abc.txt,25,1000,three peices from 224,0.25,,,239.5,20.8,220.5921875,0,,220.5859375,888.5859375,204.935,0,204.935,1,0,1,EDIT - I took a meter off this as I think it's wrong - should be 1m deeper. See notes doc
4,2023-05-25-10-24-dic1-224abc.txt,25,1000,dc run of 3 chunks from 224,0.25,,,239.5,20.8,221.8671875,0,,239.646875,864.8421875,204.935,0,204.935,0,1,1,
5,2023-05-25-12-33-dic1-225cd.txt,25,1000,tube top depth is 205.995,0.25,,,239.5,20.8,433.015625,0,,433.015625,759.2265625,205.995,190,206.185,1,0,1,
9,2023-05-25-12-51-dic1-225cd.txt,25,1000,3rd and 4th peices of 225 - startign 1cm from left edge due to step at the break.,0.25,,,239.5,20.8,433.91875,0,,461.365625,725.7234375,205.995,190,206.185,0,1,1,
6,2023-05-25-13-13-dic1-227a.txt,25,1000,first chunk of 227,0.25,,,239.5,20.8,414.0484375,0,,414.0484375,734.55625,207.702,0,207.702,1,0,1,
8,2023-05-25-13-29-dic1-227a.txt,25,1000,first chuck of 227 (of two),0.25,,,239.5,20.8,417.7,0,,437.8828125,708.203125,207.702,0,207.702,0,1,1,
17,2023-05-25-13-46-dic1-227b.txt,25,1000,seccond chunk of 227,0.25,,,239.5,20.8,324.965625,0,,343.4453125,732.903125,207.702,319,208.021,0,1,1,
13,2023-05-25-14-00-dic1-227b.txt,25,1000,2nd chunk of 227 (and final),0.25,,,239.5,20.8,324.91875,0,,324.91875,775.2953125,207.702,319,208.021,1,0,0,repeated this later - came out better
2,2023-05-25-14-34-dic1-228d.txt,25,1000,4th peice of 228,0.25,,,239.5,20.8,354.6671875,0,,354.665625,541.1625,208.527,445,208.972,1,0,1,
0,2023-05-25-14-50-dic1-228d.txt,25,1000,4th chunk of 228,0.25,,,239.5,20.8,355.4171875,0,,368.6484375,528.14375,208.527,445,208.972,0,1,0,
3,2023-05-25-14-57-dic1-228d.txt,25,1000,4th chunk of 228. Third try (two failed DC attempts prior),0.25,,,239.5,20.8,355.05,0,,372.7390625,523.8859375,208.527,445,208.972,0,1,1,last two runs did not contact ice?
16,2023-05-25-15-16-dic1-228d.txt,25,1000,4th try at dc for 228d,0.25,,,239.5,20.8,355.05,0,,372.74,523.89,208.527,445,208.972,0,1,0,0.554765625
7,2023-05-25-15-45-dic1-227b.txt,25,1000,re-running to reduce ac ramp up time (put electrodes on rather than drag on),0.25,,,239.5,20.8,159.3375,0,,159.3375,596.5265625,207.702,319,208.021,1,0,1,
21,2023-05-26-07-24-dic1-227a.txt,25,1000,re-run from yesterday,0.25,11,11,239.5,20.8,228.1375,0,see notes,228.1375,544.9234375,207.702,0,207.702,1,0,1,
20,2023-05-26-07-37-dic1-227a.txt,25,1000,repeating 227a dc - mostly to test DC after issue yesterday,0.25,11,11,239.5,20.8,232.8109375,0,see notes,248.5265625,528.1546875,207.702,0,207.702,0,1,1,
34,2023-05-26-07-51-dic1-230a.txt,25,1000,first run on first piece of 230,0.25,11,11,239.5,20.8,234.475,0,not noted on bag-see notes,249.85,429.9046875,210.19,0,210.19,0,1,0,
33,2023-05-26-07-56-dic1-230a.txt,25,1000,re-run after crashed on first dc attempt,0.25,11,11,239.5,20.8,233.621875,0,see notes,249.85,432.553125,210.19,0,210.19,0,1,1,run at y=45 did not contact ice
29,2023-05-26-08-05-dic1-230a.txt,25,1000,first ac run on 230a,0.25,11,11,239.5,20.8,230.8328125,0,not on bag - see notes,230.8328125,454.5734375,210.19,0,210.19,1,0,1,
23,2023-05-26-08-17-dic1-230de.txt,25,1000,first run on 230de,0.25,11,11,239.5,20.8,214.834375,0,see notes,214.834375,425.8890625,210.19,437,210.627,1,0,1,
28,2023-05-26-08-35-dic1-230de.txt,25,1000,first dc run of 4th and 5th chunks of 230,0.25,11,11,239.5,20.8,217.9625,0,see notes,237.6296875,378.771875,210.19,437,210.627,0,1,0,electrode issue?
24,2023-05-26-08-57-dic1-230de.txt,25,1000,trying again after failed DC run (low conductivity),0.25,10,10,239.5,20.8,215.9640625,0,see notes,235.21875,378.7,210.19,437,210.627,0,1,0,electrode issue?
27,2023-05-26-09-38-dic1-219b.txt,25,1000,first run on 219b,0.25,11,11,239.5,20.8,158.6203125,0,see notes,158.6203125,478.95625,201.319,46,201.365,1,0,1,
26,2023-05-26-10-03-dic1-221abcd.txt,25,1000,first run on 221. 4 peices together,0.25,11,11,239.5,20.8,170.740625,0,not given on bag,170.740625,855.946875,202.64,0,202.64,1,0,1,
30,2023-05-26-10-31-dic1-217abc.txt,25,1000,first run on 3 peices of 217,0.25,11,11,239.5,20.8,151.353125,0,199.604,151.353125,788.4453125,199.604,0,199.604,1,0,1,
25,2023-05-26-10-56-dic1-216abcdef.txt,25,1000,some major gaps and planning issues-see notes,0.25,11,11,239.5,20.8,196.075,0,not on bag,196.075,868.20625,198.76,0,198.76,1,0,1,
31,2023-05-26-12-30-dic1-214abcdefg.txt,25,1000,lots of small chunks! some planner issues,0.25,11,11,239.5,20.8,62.13125,0,not on bag,62.13125,1020.909375,196.93,0,196.93,1,0,1,
22,2023-05-26-13-08-dic1-231.txt,25,1000,bottom piece! lots of inclusions and dust,0.25,11,11,239.5,20.8,337.08125,0,210.85,337.08125,511.371875,210.85,0,210.85,1,0,1,