Y_dimension(mm),Button,True_depth(m),meas
0.0,0.0,209.1408359375,2.085594e-05
0.0,0.0,209.1408359375,-3.526307e-06
0.0,0.0,209.1408359375,-2.548972e-06
0.0,0.0,209.1408359375,-1.956723e-06
0.0,0.0,209.14068884409147,-1.486027e-06
0.0,0.0,209.14049939679288,-1.13243e-06
0.0,0.0,209.14025507314065,-8.582137999999999e-07
0.0,0.0,209.13998371868047,-6.476621e-07
0.0,0.0,209.139686381948,-4.9152e-07
0.0,0.0,209.13935574847133,-3.5575070000000004e-07
0.0,0.0,209.13897646802303,-2.5420740000000004e-07
0.0,0.0,209.13853842275387,-1.8542050000000002e-07
0.0,0.0,209.13811455686115,-1.295411e-07
0.0,0.0,209.1377154333324,-8.176721e-08
0.0,0.0,209.13729244538123,-5.413312e-08
0.0,0.0,209.13688873549873,-2.759043e-08
0.0,0.0,209.13645727184488,-1.359149e-08
0.0,0.0,209.13604432786872,8.149072999999999e-09
0.0,0.0,209.1356102561396,-6.475601999999999e-09
0.0,0.0,209.13521129786557,1.999433e-08
0.0,0.0,209.13478048171663,3.540481e-08
0.0,0.0,209.13435275165807,3.006426e-08
0.0,0.0,209.1339192266084,3.710738e-08
0.0,0.0,209.13351997623107,4.972389e-08
0.0,0.0,209.1331060821853,5.5457350000000004e-08
0.0,0.0,209.13267362796276,5.8425940000000004e-08
0.0,0.0,209.13226883222853,5.666516e-08
0.0,0.0,209.13184930989516,6.031769e-08
0.0,0.0,209.13140672192625,5.679613e-08
0.0,0.0,209.13100921057423,5.587935e-08
0.0,0.0,209.13060270700376,5.630136e-08
0.0,0.0,209.13017059625804,6.202026e-08
0.0,0.0,209.12976580207396,6.187474e-08
0.0,0.0,209.12934522037312,6.0405e-08
0.0,0.0,209.12893299521753,6.277696000000001e-08
0.0,0.0,209.12852853058476,6.372284e-08
0.0,0.0,209.12810835079915,5.970651e-08
0.0,0.0,209.12768444465337,6.520713e-08
0.0,0.0,209.12725813694263,5.250331e-08
0.0,0.0,209.12682828061983,5.590846e-08
0.0,0.0,209.1264384169347,5.5268170000000004e-08
0.0,0.0,209.12600925755865,6.447954e-08
0.0,0.0,209.12562185432,5.983748e-08
0.0,0.0,209.12518258386257,5.180482e-08
0.0,0.0,209.1247589815844,6.360642e-08
0.0,0.0,209.12431526132053,5.782931e-08
0.0,0.0,209.1239335965469,6.618211e-08
0.0,0.0,209.1235186081812,5.916809e-08
0.0,0.0,209.12307573333095,5.940092e-08
0.0,0.0,209.1226467180647,5.940092e-08
0.0,0.0,209.12221603034183,3.784953e-08
0.0,0.0,209.12180815159104,4.515459e-08
0.0,0.0,209.1213980727252,4.994217e-08
0.0,0.0,209.12095835188728,3.668538e-08
0.0,0.0,209.1205702664469,5.731999e-08
0.0,0.0,209.12014241528848,5.89207e-08
0.0,0.0,209.11972208755105,5.7247230000000004e-08
0.0,0.0,209.11930384000965,6.381015e-08
0.0,0.0,209.11888157894333,6.592018e-08
0.0,0.0,209.11849405725133,6.356277e-08
0.0,0.0,209.11807855243913,5.932816e-08
0.0,0.0,209.11766490151385,5.697075e-08
0.0,0.0,209.1172413120545,5.977927e-08
0.0,0.0,209.11681281252473,6.034679e-08
0.0,0.0,209.11641744611376,5.782931e-08
0.0,0.0,209.11598557720055,6.204937000000001e-08
0.0,0.0,209.11555890670016,6.107439e-08
0.0,0.0,209.1151330327432,6.325718e-08
0.0,0.0,209.11472503851869,5.989568e-08
0.0,0.0,209.11429443215127,6.399932e-08
0.0,0.0,209.11386999425324,6.554183e-08
0.0,0.0,209.11345579072167,6.415939e-08
0.0,0.0,209.11304372098283,6.656046e-08
0.0,0.0,209.1126194142859,6.666232e-08
0.0,0.0,209.11218569611344,6.718619e-08
0.0,0.0,209.11179675483703,6.30971e-08
0.0,0.0,209.11134957529572,6.603659e-08
0.0,0.0,209.1109494665,6.733171e-08
0.0,0.0,209.11054648101864,6.266055e-08
0.0,0.0,209.11012316151368,5.899346e-08
0.0,0.0,209.1097153556543,6.073969e-08
0.0,0.0,209.10927940287564,6.682239e-08
0.0,0.0,209.10885538023095,6.807386e-08
0.0,0.0,209.10847021979487,6.436312e-08
0.0,0.0,209.10802698015868,6.481423e-08
0.0,0.0,209.1076258715916,6.284972e-08
0.0,0.0,209.10719887203447,6.38247e-08
0.0,0.0,209.10676808284492,6.37956e-08
0.0,0.0,209.1063622797845,5.915354e-08
0.0,0.0,209.10594990935593,6.427581e-08
0.0,0.0,209.10553942053207,6.143819e-08
0.0,0.0,209.10513545163852,5.998299e-08
0.0,0.0,209.10469143339216,5.755282e-08
0.0,0.0,209.10427917443903,5.343463e-08
0.0,0.0,209.103872678417,6.698247e-08
0.0,0.0,209.10342929921933,6.092887000000001e-08
0.0,0.0,209.10301382975135,6.129267e-08
0.0,0.0,209.10259624482455,6.366463e-08
0.0,0.0,209.10214820668125,6.085611e-08
0.0,0.0,209.10175737295108,6.219489e-08
0.0,0.0,209.10132577728436,6.728806e-08
0.0,0.0,209.1009187539823,6.140908e-08
0.0,0.0,209.10049421632485,5.007314e-08
0.0,0.0,209.10007999380556,6.107439e-08
0.0,0.0,209.09968058210356,6.354821e-08
0.0,0.0,209.09924107702847,5.8222210000000004e-08
0.0,0.0,209.09883330380603,6.261689e-08
0.0,0.0,209.0984169273672,5.040783e-08
0.0,0.0,209.09800996084027,5.858601e-08
0.0,0.0,209.09760878379487,5.336187e-08
0.0,0.0,209.09717827291007,5.894981e-08
0.0,0.0,209.09675483255785,6.135087e-08
0.0,0.0,209.0963402178836,5.983748e-08
0.0,0.0,209.09591577586488,5.739275e-08
0.0,0.0,209.09550075360517,5.35947e-08
0.0,0.0,209.09509322336947,5.018956e-08
0.0,0.0,209.09466199395263,4.806498e-08
0.0,0.0,209.0942313184644,4.93601e-08
0.0,0.0,209.09382341622225,5.1368260000000004e-08
0.0,0.0,209.09340503048404,5.376933e-08
0.0,0.0,209.09296210013875,5.326001e-08
0.0,0.0,209.09255369018047,5.560287e-08
0.0,0.0,209.09215142213128,5.548645e-08
0.0,0.0,209.0917147010323,5.803304e-08
0.0,0.0,209.09128806235327,5.788752e-08
0.0,0.0,209.09088436228524,5.470065e-08
0.0,0.0,209.0904686251104,5.9226290000000004e-08
0.0,0.0,209.0900810178641,5.900802e-08
0.0,0.0,209.0896512368745,5.285256e-08
0.0,0.0,209.0892432945735,4.586764e-08
0.0,0.0,209.08881018651647,5.264883e-08
0.0,0.0,209.08836402098527,4.148751e-08
0.0,0.0,209.0879877092599,4.634785e-08
0.0,0.0,209.0875613780352,4.5562050000000004e-08
0.0,0.0,209.087151774054,5.072798e-08
0.0,0.0,209.08672687680928,4.691537e-08
0.0,0.0,209.0862961991263,4.231697e-08
0.0,0.0,209.085893362863,4.177855e-08
0.0,0.0,209.08548425164489,4.525646e-08
0.0,0.0,209.0850706779653,5.113543e-08
0.0,0.0,209.08466423257144,4.630419e-08
0.0,0.0,209.08422309180045,4.3262840000000004e-08
0.0,0.0,209.083798998728,3.470632e-08
0.0,0.0,209.0833942768633,3.176683e-08
0.0,0.0,209.0829636390337,4.6624340000000004e-08
0.0,0.0,209.0825483390776,4.198228e-08
0.0,0.0,209.0821244368056,4.912727e-08
0.0,0.0,209.08167923973107,3.955211e-08
0.0,0.0,209.08124786169984,5.033507e-08
0.0,0.0,209.08085647942633,4.578033e-08
0.0,0.0,209.08041552584615,4.882168e-08
0.0,0.0,209.08002780575052,3.440073e-08
0.0,0.0,209.0796075634589,3.278547e-08
0.0,0.0,209.07919964143235,3.707828e-08
0.0,0.0,209.07876874100737,3.779132e-08
0.0,0.0,209.0783631235211,4.361209e-08
0.0,0.0,209.07795054398008,4.304457e-08
0.0,0.0,209.07753545054797,4.2273310000000004e-08
0.0,0.0,209.077132302922,4.9330990000000004e-08
0.0,0.0,209.07669235748716,5.219772e-08
0.0,0.0,209.07627489829008,5.171751e-08
0.0,0.0,209.07586952213927,4.308822e-08
0.0,0.0,209.0754300111614,4.592584e-08
0.0,0.0,209.0750144146297,4.732283e-08
0.0,0.0,209.07461648919767,4.33356e-08
0.0,0.0,209.0741883378529,4.844333e-08
0.0,0.0,209.07374986319977,4.236063e-08
0.0,0.0,209.07330426231167,4.401954e-08
0.0,0.0,209.07291920153645,4.6420610000000004e-08
0.0,0.0,209.07249452045332,4.362664e-08
0.0,0.0,209.07208009242396,4.276808e-08
0.0,0.0,209.0716727670444,4.4383340000000004e-08
0.0,0.0,209.0712420481117,4.572212e-08
0.0,0.0,209.07081348537616,4.614412e-08
0.0,0.0,209.07041870457417,4.461617e-08
0.0,0.0,209.07001170444445,4.595495e-08
0.0,0.0,209.06961036888617,4.541653e-08
0.0,0.0,209.06916397452153,4.378671e-08
0.0,0.0,209.0687560177691,4.051253e-08
0.0,0.0,209.06834145232193,3.637979e-08
0.0,0.0,209.06791705648916,4.048343e-08
0.0,0.0,209.06750185685613,3.741297e-08
0.0,0.0,209.0670945347486,3.491004e-08
0.0,0.0,209.0666707260117,3.862078e-08
0.0,0.0,209.06623236863288,3.348396e-08
0.0,0.0,209.0658470122343,3.995956e-08
0.0,0.0,209.06543423813903,3.524474e-08
0.0,0.0,209.0650003028404,3.403693e-08
0.0,0.0,209.0645773440829,2.948218e-08
0.0,0.0,209.06417771544656,3.856258e-08
0.0,0.0,209.06373874379852,3.710738e-08
0.0,0.0,209.06330806831028,3.697642e-08
0.0,0.0,209.0628867999164,4.284084e-08
0.0,0.0,209.06245790160256,4.5562050000000004e-08
0.0,0.0,209.0620387512692,4.534377e-08
0.0,0.0,209.0616351151103,3.53175e-08
0.0,0.0,209.06119962633036,3.278547e-08
0.0,0.0,209.06077411853065,3.595778e-08
0.0,0.0,209.060365825986,3.819878e-08
0.0,0.0,209.0599643109068,3.540481e-08
0.0,0.0,209.05956287067784,3.598689e-08
0.0,0.0,209.05913625280664,3.288733e-08
0.0,0.0,209.0587162973448,3.816967e-08
0.0,0.0,209.05829724675485,3.782043e-08
0.0,0.0,209.05787341504632,2.932211e-08
0.0,0.0,209.05748560531856,3.835885e-08
0.0,0.0,209.05704710138653,4.109461e-08
0.0,0.0,209.05665870566924,4.720641e-08
0.0,0.0,209.0562245662108,3.3498510000000004e-08
0.0,0.0,209.05580086824045,3.167952e-08
0.0,0.0,209.055354040278,3.899913e-08
0.0,0.0,209.0549664935716,3.850437e-08
0.0,0.0,209.0545512248588,3.863533e-08
0.0,0.0,209.0541268200851,4.112371e-08
0.0,0.0,209.0536819148296,4.209869e-08
0.0,0.0,209.05328785034857,4.2593460000000004e-08
0.0,0.0,209.05286209488847,5.181937e-08
0.0,0.0,209.05241888067215,4.3524780000000004e-08
0.0,0.0,209.05201869351257,3.911555e-08
0.0,0.0,209.05161300154904,4.324829e-08
0.0,0.0,209.05117986563928,4.578033e-08
0.0,0.0,209.05077171325436,4.514004e-08
0.0,0.0,209.05034203221965,4.186586e-08
0.0,0.0,209.04994283650768,3.738387e-08
0.0,0.0,209.04953941043684,3.68309e-08
0.0,0.0,209.0490953448004,4.231697e-08
0.0,0.0,209.04870900215423,3.946479e-08
0.0,0.0,209.04827249040207,3.49537e-08
0.0,0.0,209.04787013348056,3.982859e-08
0.0,0.0,209.04744980242404,3.697642e-08
0.0,0.0,209.0470191591448,3.693276e-08
0.0,0.0,209.04660037529607,4.032336e-08
0.0,0.0,209.04619238751465,3.744208e-08
0.0,0.0,209.04576141478685,3.939203e-08
0.0,0.0,209.04535511581892,4.186586e-08
0.0,0.0,209.0449417975153,3.412424e-08
0.0,0.0,209.04450726082436,4.198228e-08
0.0,0.0,209.04412571378467,4.992762e-08
0.0,0.0,209.04368497939316,4.778849e-08
0.0,0.0,209.04324520221235,5.077163e-08
0.0,0.0,209.0428145983988,4.601316e-08
0.0,0.0,209.04239508975195,3.575406e-08
0.0,0.0,209.0419758387463,4.474714e-08
0.0,0.0,209.0415904421912,3.805326e-08
0.0,0.0,209.04114189587295,3.428431e-08
0.0,0.0,209.04071678140735,3.621972e-08
0.0,0.0,209.0403189387476,4.486355e-08
0.0,0.0,209.03987372386243,4.137109e-08
0.0,0.0,209.03948559348663,3.760215e-08
0.0,0.0,209.03907152943475,3.651076e-08
0.0,0.0,209.03866473749204,4.059984e-08
0.0,0.0,209.03823381893736,4.195317e-08
0.0,0.0,209.037825546,3.767491e-08
0.0,0.0,209.0374081934445,3.525929e-08
0.0,0.0,209.0370017963012,3.767491e-08
0.0,0.0,209.03660170260665,4.115282e-08
0.0,0.0,209.03615448998664,3.684545e-08
0.0,0.0,209.035755849404,5.152833e-08
0.0,0.0,209.03533200051103,5.4336850000000004e-08
0.0,0.0,209.034888538142,5.264883e-08
0.0,0.0,209.03447333528433,4.647882e-08
0.0,0.0,209.03406072783108,5.253241e-08
0.0,0.0,209.03365484454363,4.8530640000000004e-08
0.0,0.0,209.0332131229798,4.802132e-08
0.0,0.0,209.03278904895785,3.947935e-08
0.0,0.0,209.0323855274504,4.4645280000000004e-08
0.0,0.0,209.03195336193005,4.260801e-08
0.0,0.0,209.03154257675956,4.375761e-08
0.0,0.0,209.03114672875293,4.659523e-08
0.0,0.0,209.0307069744072,4.353933e-08
0.0,0.0,209.0302650921992,4.869071e-08
0.0,0.0,209.02988007381936,5.3289110000000004e-08
0.0,0.0,209.0294465923787,4.736648e-08
0.0,0.0,209.02905884520737,4.511094e-08
0.0,0.0,209.02863294134968,4.3524780000000004e-08
0.0,0.0,209.02820197023803,4.297181e-08
0.0,0.0,209.0277941371232,4.626054e-08
0.0,0.0,209.02736955599624,5.110633e-08
0.0,0.0,209.0269555383397,4.78758e-08
0.0,0.0,209.02656695538067,4.979665e-08
0.0,0.0,209.02611981515344,5.0175e-08
0.0,0.0,209.02572089858592,5.055335e-08
0.0,0.0,209.02529722983377,4.432513e-08
0.0,0.0,209.02484993070803,5.133916e-08
0.0,0.0,209.02444931977,4.502363e-08
0.0,0.0,209.02404631392537,4.5562050000000004e-08
0.0,0.0,209.02362268376024,4.601316e-08
0.0,0.0,209.02319180982823,3.984314e-08
0.0,0.0,209.0227534017332,4.500907e-08
0.0,0.0,209.02235303707548,4.535832e-08
0.0,0.0,209.02191377508953,4.831236e-08
0.0,0.0,209.02149820178815,4.320464e-08
0.0,0.0,209.02108338278296,4.6289640000000004e-08
0.0,0.0,209.0206757810136,4.988397e-08
0.0,0.0,209.02024510552533,5.461334e-08
0.0,0.0,209.01983747995052,5.010224e-08
0.0,0.0,209.01942252500595,5.343463e-08
0.0,0.0,209.0189987446757,4.906906e-08
0.0,0.0,209.01861354263593,3.696186e-08
0.0,0.0,209.0181676841604,3.731111e-08
0.0,0.0,209.01776884779156,4.726462e-08
0.0,0.0,209.0173447297048,4.701724e-08
0.0,0.0,209.01693365138007,4.468893e-08
0.0,0.0,209.01652881587995,4.920003e-08
0.0,0.0,209.0161084581452,5.273614e-08
0.0,0.0,209.0156909833344,4.954927e-08
0.0,0.0,209.0152697266547,4.710455e-08
0.0,0.0,209.01483968752308,4.208414e-08
0.0,0.0,209.014396327018,3.961031e-08
0.0,0.0,209.01399145155327,5.445327e-08
0.0,0.0,209.01359207090815,4.7512e-08
0.0,0.0,209.0131614409004,5.315815e-08
0.0,0.0,209.01272052869712,5.309994e-08
0.0,0.0,209.0123229996115,5.713082e-08
0.0,0.0,209.01190488260988,5.298352e-08
0.0,0.0,209.01146208460696,5.3682020000000004e-08
0.0,0.0,209.01105080832687,5.152833e-08
0.0,0.0,209.01064605011663,5.119364e-08
0.0,0.0,209.01022504532543,5.211041e-08
0.0,0.0,209.009806748816,4.915637e-08
0.0,0.0,209.0093846313178,5.264883e-08
0.0,0.0,209.00899739462264,4.82396e-08
0.0,0.0,209.00858184277232,5.219772e-08
0.0,0.0,209.00813370890145,5.35656e-08
0.0,0.0,209.00774428243705,5.167385e-08
0.0,0.0,209.0073116252269,3.734021e-08
0.0,0.0,209.00690584656985,5.152833e-08
0.0,0.0,209.00647845680103,5.09026e-08
0.0,0.0,209.00606717286365,5.1441020000000004e-08
0.0,0.0,209.00566633446712,4.690082e-08
0.0,0.0,209.0052282135636,4.714821e-08
0.0,0.0,209.00480088331048,3.747118e-08
0.0,0.0,209.00440187309627,4.10655e-08
0.0,0.0,209.00398649403596,4.559115e-08
0.0,0.0,209.00354769515144,4.045432e-08
0.0,0.0,209.00312367712203,4.030881e-08
0.0,0.0,209.00268946240504,3.5550330000000003e-08
0.0,0.0,209.0023007917456,3.838795e-08
0.0,0.0,209.00185392794236,4.25207e-08
0.0,0.0,209.0014383252609,4.666799e-08
0.0,0.0,209.00102941900823,4.602771e-08
0.0,0.0,209.000626632182,4.413596e-08
0.0,0.0,209.00018206200727,4.435424e-08
0.0,0.0,208.9997833207698,3.872265e-08
0.0,0.0,208.99935924800303,4.301546e-08
0.0,0.0,208.9989490703647,4.3582990000000004e-08
0.0,0.0,208.99853097196296,4.709e-08
0.0,0.0,208.99812896553644,4.18222e-08
0.0,0.0,208.99771385246515,3.710738e-08
0.0,0.0,208.99727138944624,4.505273e-08
0.0,0.0,208.99686609337567,4.023605e-08
0.0,0.0,208.99645429027316,4.090543e-08
0.0,0.0,208.99604326218008,3.777677e-08
0.0,0.0,208.99563885301225,4.173489e-08
0.0,0.0,208.99519487592048,4.300091e-08
0.0,0.0,208.99477083442977,4.0294250000000004e-08
0.0,0.0,208.99432346747628,4.086178e-08
0.0,0.0,208.99392334921848,4.010508e-08
0.0,0.0,208.99351768057335,4.007597e-08
0.0,0.0,208.99309912402265,4.125468e-08
0.0,0.0,208.99265164920956,3.856258e-08
0.0,0.0,208.99226059013864,4.097819e-08
0.0,0.0,208.99182928913413,4.569301e-08
0.0,0.0,208.9914219458215,4.231697e-08
0.0,0.0,208.99100685401572,3.537571e-08
5.0,0.0,209.1408359375,2.09227e-05
5.0,0.0,209.1408359375,-3.504218e-06
5.0,0.0,209.1408359375,-2.533343e-06
5.0,0.0,209.1408359375,-1.93149e-06
5.0,0.0,209.14067428559753,-1.47926e-06
5.0,0.0,209.14048893959125,-1.133129e-06
5.0,0.0,209.1402623882148,-8.644565000000001e-07
5.0,0.0,209.13999183176156,-6.751652000000001e-07
5.0,0.0,209.13969024202248,-5.041511e-07
5.0,0.0,209.13934608170004,-3.7292190000000004e-07
5.0,0.0,209.13894917788272,-2.8690560000000005e-07
5.0,0.0,209.13854613786705,-2.1407320000000002e-07
5.0,0.0,209.13812283879696,-1.602893e-07
5.0,0.0,209.1377155024304,-8.751522e-08
5.0,0.0,209.13728542967164,-4.994217e-08
5.0,0.0,209.13685905807205,-2.514571e-08
5.0,0.0,209.1364580282876,-9.458744999999999e-09
5.0,0.0,209.13605427444696,1.338776e-08
5.0,0.0,209.13561940874516,2.594606e-08
5.0,0.0,209.13518658754765,3.330933e-08
5.0,0.0,209.13476284889623,4.231697e-08
5.0,0.0,209.13436185132835,4.982576e-08
5.0,0.0,209.13393017713588,5.502079e-08
5.0,0.0,209.13350983886085,6.151095e-08
5.0,0.0,209.13309318779665,5.973561e-08
5.0,0.0,209.13267703455847,5.5079e-08
5.0,0.0,209.13225938453945,6.049231e-08
5.0,0.0,209.13183660445833,5.520997e-08
5.0,0.0,209.13142522960027,6.124901e-08
5.0,0.0,209.13101453858005,5.398761e-08
5.0,0.0,209.13059086899213,5.141192e-08
5.0,0.0,209.13017420895784,6.100163e-08
5.0,0.0,209.12976346600013,5.349284e-08
5.0,0.0,209.12933293275808,5.052425e-08
5.0,0.0,209.12893417593835,6.0405e-08
5.0,0.0,209.12852957610608,6.19475e-08
5.0,0.0,209.12810896799533,6.551272e-08
5.0,0.0,209.12766332591443,6.548362e-08
5.0,0.0,209.12726839103567,6.792834e-08
5.0,0.0,209.12682954214029,6.350456e-08
5.0,0.0,209.12641269466675,6.140908e-08
5.0,0.0,209.1260101173336,6.177288e-08
5.0,0.0,209.12559572660723,6.360642e-08
5.0,0.0,209.1251721190868,5.781476e-08
5.0,0.0,209.12475656041363,5.512265e-08
5.0,0.0,209.12435001031488,5.70144e-08
5.0,0.0,209.12391354248936,5.900802e-08
5.0,0.0,209.12349426196693,6.135087e-08
5.0,0.0,209.1230797518592,6.072514e-08
5.0,0.0,209.12264993954432,5.605398e-08
5.0,0.0,209.1222376250323,6.184564e-08
5.0,0.0,209.12182207358092,6.15255e-08
5.0,0.0,209.12139177107508,5.864422e-08
5.0,0.0,209.12096228249143,6.319897e-08
5.0,0.0,209.12057469131497,6.689515e-08
5.0,0.0,209.12014611520857,6.747723e-08
5.0,0.0,209.1197155630548,5.873153e-08
5.0,0.0,209.1193078009602,5.286711e-08
5.0,0.0,209.11888602882584,6.190385e-08
5.0,0.0,209.1184823482996,6.213668e-08
5.0,0.0,209.11808326529476,6.165646000000001e-08
5.0,0.0,209.11765316663357,6.398477e-08
5.0,0.0,209.11723167420848,6.976188e-08
5.0,0.0,209.11681400307808,6.631308e-08
5.0,0.0,209.11639399796897,5.697075e-08
5.0,0.0,209.11597888847217,6.420305e-08
5.0,0.0,209.1155901414752,5.871698e-08
5.0,0.0,209.1151600074477,6.078335e-08
5.0,0.0,209.11472928647896,6.773917e-08
5.0,0.0,209.11429841175007,6.554183e-08
5.0,0.0,209.11387488622196,7.1057e-08
5.0,0.0,209.1134474175216,6.254413e-08
5.0,0.0,209.1130237761901,7.111521e-08
5.0,0.0,209.11262162013327,6.776827e-08
5.0,0.0,209.11220132053836,7.038761e-08
5.0,0.0,209.1117599946267,6.658956e-08
5.0,0.0,209.111374616296,6.316986e-08
5.0,0.0,209.1109548924049,6.776827e-08
5.0,0.0,209.1105250634334,6.366463e-08
5.0,0.0,209.11010550577933,6.561459e-08
5.0,0.0,209.1097087173437,6.546907e-08
5.0,0.0,209.10926689988693,6.736082e-08
5.0,0.0,209.10888166161968,6.718619e-08
5.0,0.0,209.1084485565044,6.11908e-08
5.0,0.0,209.10803278359836,6.469782e-08
5.0,0.0,209.10763028258972,6.737537e-08
5.0,0.0,209.10721526376753,6.76373e-08
5.0,0.0,209.10677280835057,6.897608000000001e-08
5.0,0.0,209.10634367640867,5.878974e-08
5.0,0.0,209.10597025732656,6.57601e-08
5.0,0.0,209.1055329761305,7.229391e-08
5.0,0.0,209.10510928328745,6.207847e-08
5.0,0.0,209.10471029386605,4.858884e-08
5.0,0.0,209.10428632883188,6.11326e-08
5.0,0.0,209.10383776846453,7.080962e-08
5.0,0.0,209.10342240882375,6.341725e-08
5.0,0.0,209.103007201405,6.394112e-08
5.0,0.0,209.10259088736132,6.213668e-08
5.0,0.0,209.10218314430097,7.153722e-08
5.0,0.0,209.10175222581248,7.156632e-08
5.0,0.0,209.101321661995,6.254413e-08
5.0,0.0,209.10090319074556,6.244227e-08
5.0,0.0,209.10051556244045,6.050686e-08
5.0,0.0,209.1000975462535,5.675247e-08
5.0,0.0,209.09968083178524,5.605398e-08
5.0,0.0,209.09925882833207,6.212213e-08
5.0,0.0,209.09882870078903,6.506161e-08
5.0,0.0,209.09843854722524,6.117625e-08
5.0,0.0,209.0980233053861,5.12664e-08
5.0,0.0,209.09758140906104,6.049231e-08
5.0,0.0,209.0971963429623,6.260234e-08
5.0,0.0,209.0967584401891,5.590846e-08
5.0,0.0,209.0963345782096,5.973561e-08
5.0,0.0,209.09592675406145,6.183109e-08
5.0,0.0,209.0955121163158,5.8425940000000004e-08
5.0,0.0,209.09508831921252,5.2838e-08
5.0,0.0,209.0946574114317,5.117909e-08
5.0,0.0,209.0942268935752,5.529728e-08
5.0,0.0,209.09381863291063,5.264883e-08
5.0,0.0,209.09339929536128,6.386836e-08
5.0,0.0,209.09298360219512,4.893809e-08
5.0,0.0,209.09257029917657,5.718903e-08
5.0,0.0,209.092163818631,5.133916e-08
5.0,0.0,209.09173291574015,5.7494620000000004e-08
5.0,0.0,209.0912986944579,6.314076e-08
5.0,0.0,209.090894332588,5.362381e-08
5.0,0.0,209.09049212999324,5.323091e-08
5.0,0.0,209.09005247743437,5.54428e-08
5.0,0.0,209.08966340836443,5.173206e-08
5.0,0.0,209.089229910572,4.698813e-08
5.0,0.0,209.08880633936607,4.6362400000000004e-08
5.0,0.0,209.0884008590524,5.7494620000000004e-08
5.0,0.0,209.08798358150304,4.394678e-08
5.0,0.0,209.08756235043916,5.343463e-08
5.0,0.0,209.08716124400027,5.474431e-08
5.0,0.0,209.08673745706372,6.079790000000001e-08
5.0,0.0,209.0862928703294,5.865877e-08
5.0,0.0,209.08590717282692,5.20231e-08
5.0,0.0,209.0854796282734,5.378388e-08
5.0,0.0,209.08506415745748,5.061156e-08
5.0,0.0,209.0846373965823,5.273614e-08
5.0,0.0,209.08424360618713,3.98577e-08
5.0,0.0,209.0837985240399,4.5562050000000004e-08
5.0,0.0,209.08337466778144,5.211041e-08
5.0,0.0,209.08295911358417,4.684262e-08
5.0,0.0,209.0825439339592,4.969479e-08
5.0,0.0,209.08209931590235,4.199683e-08
5.0,0.0,209.08167574813095,4.282629e-08
5.0,0.0,209.0812769822477,4.2186e-08
5.0,0.0,209.0808530132479,4.335016e-08
5.0,0.0,209.08044342181947,4.909816e-08
5.0,0.0,209.08003042896033,4.7512e-08
5.0,0.0,209.07960674075693,4.960748e-08
5.0,0.0,209.07918721683112,4.66971e-08
5.0,0.0,209.07878342417288,3.838795e-08
5.0,0.0,209.07833441379867,3.795139e-08
5.0,0.0,209.0779487162962,3.945024e-08
5.0,0.0,209.0775307585621,3.697642e-08
5.0,0.0,209.07710989332517,3.4357070000000004e-08
5.0,0.0,209.07671376642608,4.118192e-08
5.0,0.0,209.07627156083532,4.265166e-08
5.0,0.0,209.07584204048533,4.2404280000000004e-08
5.0,0.0,209.0754267496852,4.2186e-08
5.0,0.0,209.07503894869924,4.490721e-08
5.0,0.0,209.07461683885705,3.520108e-08
5.0,0.0,209.07418593679455,3.789319e-08
5.0,0.0,209.07374692191513,4.14002e-08
5.0,0.0,209.07332515957873,5.062611e-08
5.0,0.0,209.07293399637024,4.569301e-08
5.0,0.0,209.07250061885327,4.994217e-08
5.0,0.0,209.07207550780032,4.656613e-08
5.0,0.0,209.07164661496088,4.979665e-08
5.0,0.0,209.0712534212392,4.477624e-08
5.0,0.0,209.07082932800907,4.355388e-08
5.0,0.0,209.0704218167021,4.601316e-08
5.0,0.0,209.07000659287633,3.853347e-08
5.0,0.0,209.06958319891285,5.139736e-08
5.0,0.0,209.06918438288693,5.005859e-08
5.0,0.0,209.0687447348837,5.113543e-08
5.0,0.0,209.06831582007143,5.2692490000000004e-08
5.0,0.0,209.06792140061512,4.879257e-08
5.0,0.0,209.0675061031885,4.21569e-08
5.0,0.0,209.0670672892212,4.604226e-08
5.0,0.0,209.0666668031104,3.920286e-08
5.0,0.0,209.0662430332952,3.866444e-08
5.0,0.0,209.06584353684943,4.0425220000000004e-08
5.0,0.0,209.06540189975516,3.963942e-08
5.0,0.0,209.06500445723108,4.503818e-08
5.0,0.0,209.0645972182084,4.300091e-08
5.0,0.0,209.06416526728077,3.316381e-08
5.0,0.0,209.06373427342888,3.83443e-08
5.0,0.0,209.06332621221583,3.546302e-08
5.0,0.0,209.06290884330767,4.059984e-08
5.0,0.0,209.062493344698,3.796595e-08
5.0,0.0,209.0620503252888,4.049798e-08
5.0,0.0,209.06162597035603,3.816967e-08
5.0,0.0,209.06120703616529,3.53175e-08
5.0,0.0,209.06078734714507,4.038156e-08
5.0,0.0,209.060361446132,3.211608e-08
5.0,0.0,209.05996022797564,4.073081e-08
5.0,0.0,209.05955849082383,4.148751e-08
5.0,0.0,209.05911214722673,3.937748e-08
5.0,0.0,209.05871340557664,3.694731e-08
5.0,0.0,209.05831654645908,3.325113e-08
5.0,0.0,209.05789682862283,3.995956e-08
5.0,0.0,209.05745348137083,3.605965e-08
5.0,0.0,209.05706793499573,3.501191e-08
5.0,0.0,209.05664409206668,3.549212e-08
5.0,0.0,209.05620770026067,4.145841e-08
5.0,0.0,209.05579949975453,3.671448e-08
5.0,0.0,209.05537588248623,3.616151e-08
5.0,0.0,209.0549605850596,3.317837e-08
5.0,0.0,209.05452979593488,3.613241e-08
5.0,0.0,209.0541443216308,3.247987e-08
5.0,0.0,209.0537013448828,3.83443e-08
5.0,0.0,209.0532602217904,3.53175e-08
5.0,0.0,209.05283016575805,3.00206e-08
5.0,0.0,209.05244041714883,3.050081e-08
5.0,0.0,209.0520251702939,3.157766e-08
5.0,0.0,209.0516248723322,3.397872e-08
5.0,0.0,209.0511979183729,3.754394e-08
5.0,0.0,209.05077297251964,3.512832e-08
5.0,0.0,209.05036449251767,4.038156e-08
5.0,0.0,209.0499213821566,4.0294250000000004e-08
5.0,0.0,209.0495390457795,4.275353e-08
5.0,0.0,209.04911508304727,3.867899e-08
5.0,0.0,209.0486815766164,4.2404280000000004e-08
5.0,0.0,209.04827337875088,4.301546e-08
5.0,0.0,209.04784403363064,4.1676690000000004e-08
5.0,0.0,209.0474441873216,3.945024e-08
5.0,0.0,209.04704069562143,4.861795e-08
5.0,0.0,209.04661810966607,4.5300110000000004e-08
5.0,0.0,209.04617278957,4.8268700000000004e-08
5.0,0.0,209.04577409135936,4.602771e-08
5.0,0.0,209.04535042914887,3.703462e-08
5.0,0.0,209.04494100282892,4.525646e-08
5.0,0.0,209.04452097241125,4.301546e-08
5.0,0.0,209.04410196749785,3.102468e-08
5.0,0.0,209.04368482978427,3.796595e-08
5.0,0.0,209.04326323565968,4.070171e-08
5.0,0.0,209.04283197228713,3.962487e-08
5.0,0.0,209.0424080585584,3.802415e-08
5.0,0.0,209.0419727758424,4.401954e-08
5.0,0.0,209.04156016834213,3.889727e-08
5.0,0.0,209.04115445355552,3.899913e-08
5.0,0.0,209.04072375681287,4.2186e-08
5.0,0.0,209.0403160137525,4.650792e-08
5.0,0.0,209.03989609415257,4.33356e-08
5.0,0.0,209.03950870962933,3.901368e-08
5.0,0.0,209.03906776829712,4.963658e-08
5.0,0.0,209.0386759280262,3.115565e-08
5.0,0.0,209.03824523692157,4.249159e-08
5.0,0.0,209.0378031729696,4.796311e-08
5.0,0.0,209.037423023132,4.270987e-08
5.0,0.0,209.0369894594237,5.2416e-08
5.0,0.0,209.0365978593499,4.353933e-08
5.0,0.0,209.036168472352,4.118192e-08
5.0,0.0,209.03573777083068,4.048343e-08
5.0,0.0,209.0353041646512,4.380126e-08
5.0,0.0,209.03489874158788,3.451714e-08
5.0,0.0,209.03449731761376,3.552123e-08
5.0,0.0,209.03405413712443,3.365858e-08
5.0,0.0,209.0336290117579,3.965397e-08
5.0,0.0,209.03323430082585,3.2378010000000004e-08
5.0,0.0,209.03278984284628,3.760215e-08
5.0,0.0,209.0323642517089,3.8446160000000004e-08
5.0,0.0,209.0319509056938,4.66971e-08
5.0,0.0,209.0315611508053,3.674359e-08
5.0,0.0,209.03111504142137,4.273898e-08
5.0,0.0,209.0307153644088,4.030881e-08
5.0,0.0,209.03029258198293,4.06435e-08
5.0,0.0,209.029844528271,4.157482e-08
5.0,0.0,209.02945673142528,4.679896e-08
5.0,0.0,209.02904137200747,5.082984e-08
5.0,0.0,209.0286366902128,5.746551e-08
5.0,0.0,209.0282105388472,5.976472e-08
5.0,0.0,209.02778445189256,5.257607e-08
5.0,0.0,209.02737920951844,4.848698e-08
5.0,0.0,209.02696361298675,5.976472e-08
5.0,0.0,209.02657559378608,5.203765e-08
5.0,0.0,209.0261462759879,6.082701e-08
5.0,0.0,209.02570334454657,5.404581e-08
5.0,0.0,209.02530429893608,5.192123e-08
5.0,0.0,209.0248804309927,5.2416e-08
5.0,0.0,209.0244420209666,5.029142e-08
5.0,0.0,209.02403272608407,5.323091e-08
5.0,0.0,209.023629634134,4.778849e-08
5.0,0.0,209.02319907139932,5.336187e-08
5.0,0.0,209.0227614474402,5.769834e-08
5.0,0.0,209.0223379046832,6.069604e-08
5.0,0.0,209.02189490835525,5.43223e-08
5.0,0.0,209.02149876152967,5.576294e-08
5.0,0.0,209.021091351478,3.173773e-08
5.0,0.0,209.0206749136129,5.5079e-08
5.0,0.0,209.02025199135545,5.769834e-08
5.0,0.0,209.01982145230872,5.3478290000000004e-08
5.0,0.0,209.01942076119292,5.027687e-08
5.0,0.0,209.0190143541625,5.027687e-08
5.0,0.0,209.01861634398696,4.534377e-08
5.0,0.0,209.0181882060416,5.213951e-08
5.0,0.0,209.0177495916741,5.260517e-08
5.0,0.0,209.0173495603858,4.962203e-08
5.0,0.0,209.01693701204843,5.387119e-08
5.0,0.0,209.01651064125608,4.921458e-08
5.0,0.0,209.01610441920536,5.32018e-08
5.0,0.0,209.0156803821255,4.665344e-08
5.0,0.0,209.01524084563064,5.013135e-08
5.0,0.0,209.01481246076847,5.010224e-08
5.0,0.0,209.0144168997253,5.219772e-08
5.0,0.0,209.01400137994833,4.33356e-08
5.0,0.0,209.0135607928649,4.845788e-08
5.0,0.0,209.0131702831276,3.72238e-08
5.0,0.0,209.01273835714667,4.559115e-08
5.0,0.0,209.01229362128177,5.577749e-08
5.0,0.0,209.01186878653775,4.4252370000000004e-08
5.0,0.0,209.0114812120376,4.997128e-08
5.0,0.0,209.01106543549008,4.145841e-08
5.0,0.0,209.01065485881537,4.548929e-08
5.0,0.0,209.01023061364063,5.183392e-08
5.0,0.0,209.00980275055085,4.687172e-08
5.0,0.0,209.00940414123485,4.0294250000000004e-08
5.0,0.0,209.0089837211385,4.371395e-08
5.0,0.0,209.0085985498669,4.4252370000000004e-08
5.0,0.0,209.00815129279457,4.653702e-08
5.0,0.0,209.00772482779087,4.243338e-08
5.0,0.0,209.00730677833417,4.397589e-08
5.0,0.0,209.0068847727172,5.219772e-08
5.0,0.0,209.006481171818,4.775939e-08
5.0,0.0,209.0060819907983,4.921458e-08
5.0,0.0,209.00565187372587,4.522735e-08
5.0,0.0,209.005243810304,4.186586e-08
5.0,0.0,209.0048106315616,5.304173e-08
5.0,0.0,209.0043866885752,5.487527e-08
5.0,0.0,209.00397394509628,3.875175e-08
5.0,0.0,209.00356156676293,4.397589e-08
5.0,0.0,209.00313537278757,5.314359e-08
5.0,0.0,209.0027048081568,5.164475e-08
5.0,0.0,209.0022677507141,5.056791e-08
5.0,0.0,209.00186600586756,4.9389200000000004e-08
5.0,0.0,209.0014452699043,4.585308e-08
5.0,0.0,209.00101442571184,4.768663e-08
5.0,0.0,209.0006167476516,4.969479e-08
5.0,0.0,209.00019926701452,4.988397e-08
5.0,0.0,208.99976475948836,4.404865e-08
5.0,0.0,208.99935324217304,5.378388e-08
5.0,0.0,208.9989381300805,4.583853e-08
5.0,0.0,208.9985503084908,4.887988e-08
5.0,0.0,208.9981259337769,4.511094e-08
5.0,0.0,208.9977067741324,4.400499e-08
5.0,0.0,208.99728217355295,4.109461e-08
5.0,0.0,208.9968582055522,4.40632e-08
5.0,0.0,208.9964728552016,4.304457e-08
5.0,0.0,208.99603517008967,4.8530640000000004e-08
5.0,0.0,208.99561145223237,4.410686e-08
5.0,0.0,208.9952127409352,4.054164e-08
5.0,0.0,208.9947703770083,3.635068e-08
5.0,0.0,208.99434064427743,4.626054e-08
5.0,0.0,208.99392512876292,4.324829e-08
5.0,0.0,208.99353787787655,4.449976e-08
5.0,0.0,208.99309403314285,4.627509e-08
5.0,0.0,208.99266261194288,3.5215630000000004e-08
5.0,0.0,208.9922714914008,3.310561e-08
5.0,0.0,208.9918239470103,3.328023e-08
5.0,0.0,208.99140615648767,3.194145e-08
5.0,0.0,208.9910005939359,4.461617e-08
10.0,0.0,209.1408359375,2.090078e-05
10.0,0.0,209.1408359375,-3.508903e-06
10.0,0.0,209.1408359375,-2.535788e-06
10.0,0.0,209.1408359375,-1.931941e-06
10.0,0.0,209.1406888679556,-1.478809e-06
10.0,0.0,209.14050374279623,-1.131993e-06
10.0,0.0,209.14027404317517,-8.632342e-07
10.0,0.0,209.14001674972943,-6.587943e-07
10.0,0.0,209.13971865342475,-4.949252000000001e-07
10.0,0.0,209.13935725883556,-3.6595160000000005e-07
10.0,0.0,209.13897448197025,-2.703164e-07
10.0,0.0,209.1385411359876,-2.0139850000000003e-07
10.0,0.0,209.13815608203444,-1.392909e-07
10.0,0.0,209.1377143966725,-8.796633e-08
10.0,0.0,209.13729805526984,-5.301263e-08
10.0,0.0,209.13689816774004,-2.671732e-08
10.0,0.0,209.13646794070976,-6.883055999999999e-09
10.0,0.0,209.136047813072,7.697962999999999e-09
10.0,0.0,209.13564537583028,2.128945e-08
10.0,0.0,209.135221333019,3.760215e-08
10.0,0.0,209.13477844160397,3.897003e-08
10.0,0.0,209.1343498222147,4.6624340000000004e-08
10.0,0.0,209.13394959638023,5.336187e-08
10.0,0.0,209.1335469429833,5.183392e-08
10.0,0.0,209.13312325070967,5.621405e-08
10.0,0.0,209.1326924902456,5.814945e-08
10.0,0.0,209.13226192842177,5.871698e-08
10.0,0.0,209.13185590811696,5.881884e-08
10.0,0.0,209.13142926632375,5.291076e-08
10.0,0.0,209.13101403838155,4.586764e-08
10.0,0.0,209.1305964977871,4.2462490000000004e-08
10.0,0.0,209.13019891687776,5.3289110000000004e-08
10.0,0.0,209.1297644168796,5.448237e-08
10.0,0.0,209.12937649079768,5.161564e-08
10.0,0.0,209.12893769128488,5.39294e-08
10.0,0.0,209.12853377239824,5.761103e-08
10.0,0.0,209.1281295759321,6.472692e-08
10.0,0.0,209.12769447152763,6.268965e-08
10.0,0.0,209.12726358910297,6.299524e-08
10.0,0.0,209.1268573641734,4.391768e-08
10.0,0.0,209.12644390941975,6.266055e-08
10.0,0.0,209.12602823570927,7.035851e-08
10.0,0.0,209.1256269112207,6.677874e-08
10.0,0.0,209.12519973102033,6.821938e-08
10.0,0.0,209.1247691200784,6.210757e-08
10.0,0.0,209.1243386376375,6.795744e-08
10.0,0.0,209.123950948115,6.658956e-08
10.0,0.0,209.12353585465073,5.164475e-08
10.0,0.0,209.12309230719453,6.258779e-08
10.0,0.0,209.1226685868357,6.549817e-08
10.0,0.0,209.12223018386956,5.39585e-08
10.0,0.0,209.12179924465275,5.918264e-08
10.0,0.0,209.1213969755012,5.704351e-08
10.0,0.0,209.12098851842416,6.554183e-08
10.0,0.0,209.1205732667325,6.009941e-08
10.0,0.0,209.12014503605968,6.594928e-08
10.0,0.0,209.1197366699163,5.932816e-08
10.0,0.0,209.11930551688263,6.263144e-08
10.0,0.0,209.1189034923353,6.183109e-08
10.0,0.0,209.11849534966544,6.149639e-08
10.0,0.0,209.11808076551023,6.405753e-08
10.0,0.0,209.11767339815495,6.236951e-08
10.0,0.0,209.1172425615881,6.667688e-08
10.0,0.0,209.11681372410305,6.475602000000001e-08
10.0,0.0,209.11641872318492,5.800393e-08
10.0,0.0,209.11600359252097,5.876063e-08
10.0,0.0,209.11558786105152,5.8222210000000004e-08
10.0,0.0,209.1151393658898,6.033224e-08
10.0,0.0,209.11474935692183,6.213668e-08
10.0,0.0,209.11431683071407,6.159826e-08
10.0,0.0,209.1138929423603,6.132177e-08
10.0,0.0,209.11346912580544,6.165646000000001e-08
10.0,0.0,209.1130410090937,6.23404e-08
10.0,0.0,209.1126182979214,6.293703e-08
10.0,0.0,209.11222277541447,6.968912e-08
10.0,0.0,209.1117794527296,6.017217e-08
10.0,0.0,209.11135133107973,6.170012e-08
10.0,0.0,209.11096394491753,6.757909e-08
10.0,0.0,209.11054861969703,6.699702000000001e-08
10.0,0.0,209.1101247339913,6.196206e-08
10.0,0.0,209.10972964471847,6.286427e-08
10.0,0.0,209.1092858560572,6.353366e-08
10.0,0.0,209.1089007725417,6.776827e-08
10.0,0.0,209.10847227454536,6.589107e-08
10.0,0.0,209.10805720308275,6.60657e-08
10.0,0.0,209.1076319523858,6.437767e-08
10.0,0.0,209.10722373620385,6.442133e-08
10.0,0.0,209.10679315167656,6.580376e-08
10.0,0.0,209.10636812368688,6.64877e-08
10.0,0.0,209.1059663378164,6.781192e-08
10.0,0.0,209.10556550190407,6.704067e-08
10.0,0.0,209.10513840990143,6.399932e-08
10.0,0.0,209.1047180182306,6.453774e-08
10.0,0.0,209.1042993056558,6.433402e-08
10.0,0.0,209.10387559532128,6.280607e-08
10.0,0.0,209.10344780823468,6.344635e-08
10.0,0.0,209.10301708298496,6.335904e-08
10.0,0.0,209.10259865388784,6.084156e-08
10.0,0.0,209.10216788743853,6.156915e-08
10.0,0.0,209.1017774153956,6.392656e-08
10.0,0.0,209.1013294059492,6.215123e-08
10.0,0.0,209.1009124560184,6.298069e-08
10.0,0.0,209.10050598666567,6.165646000000001e-08
10.0,0.0,209.1001050799557,6.098708e-08
10.0,0.0,209.09967431892807,5.982292e-08
10.0,0.0,209.09926627873372,5.975016e-08
10.0,0.0,209.09883535461327,5.7363650000000004e-08
10.0,0.0,209.09843642897624,5.609763e-08
10.0,0.0,209.09803210300865,6.117625e-08
10.0,0.0,209.0976111069965,5.858601e-08
10.0,0.0,209.09719317980893,6.183109e-08
10.0,0.0,209.09677177396176,6.084156e-08
10.0,0.0,209.09634188406767,6.260234e-08
10.0,0.0,209.09592684100207,6.618211e-08
10.0,0.0,209.09553954684927,6.250048e-08
10.0,0.0,209.0951170513179,4.850153e-08
10.0,0.0,209.0946865115964,3.557943e-08
10.0,0.0,209.0942475815984,5.219772e-08
10.0,0.0,209.09382373866927,5.980837000000001e-08
10.0,0.0,209.0934170855392,5.537004e-08
10.0,0.0,209.0930013074959,5.612674e-08
10.0,0.0,209.09257629637128,5.374022e-08
10.0,0.0,209.09214739659373,5.307083e-08
10.0,0.0,209.09171652186487,5.225593e-08
10.0,0.0,209.091308733324,5.535549e-08
10.0,0.0,209.09088764050864,5.35365e-08
10.0,0.0,209.0904833240637,5.2416e-08
10.0,0.0,209.09008429608755,5.512265e-08
10.0,0.0,209.08965355520024,5.0509700000000004e-08
10.0,0.0,209.08924542555556,4.949106e-08
10.0,0.0,209.0888148865088,5.176116e-08
10.0,0.0,209.08839457743468,5.3682020000000004e-08
10.0,0.0,209.08799009609768,5.336187e-08
10.0,0.0,209.0875905938564,4.838512e-08
10.0,0.0,209.0871601676139,5.542825e-08
10.0,0.0,209.0867518971039,5.206675e-08
10.0,0.0,209.08632115881653,5.458423e-08
10.0,0.0,209.0859025493572,5.100446e-08
10.0,0.0,209.0854973208376,5.005859e-08
10.0,0.0,209.08509715646676,5.560287e-08
10.0,0.0,209.08466618535516,5.013135e-08
10.0,0.0,209.084225466864,5.295442e-08
10.0,0.0,209.0838073643893,5.097536e-08
10.0,0.0,209.0834101599605,5.059701e-08
10.0,0.0,209.0829668894633,5.301263e-08
10.0,0.0,209.0825510908249,5.036418e-08
10.0,0.0,209.08212647822657,5.270704e-08
10.0,0.0,209.08169571265648,4.982576e-08
10.0,0.0,209.0812878558948,5.164475e-08
10.0,0.0,209.08086162323977,5.20813e-08
10.0,0.0,209.08044610346283,4.514004e-08
10.0,0.0,209.0800178977281,4.496542e-08
10.0,0.0,209.07963265503085,4.562025e-08
10.0,0.0,209.07918846431943,4.725007e-08
10.0,0.0,209.0787940590736,4.982576e-08
10.0,0.0,209.07836947736055,4.93601e-08
10.0,0.0,209.07795527500105,5.069887e-08
10.0,0.0,209.07756672323544,4.6362400000000004e-08
10.0,0.0,209.07711962608187,4.665344e-08
10.0,0.0,209.07671899675867,4.67262e-08
10.0,0.0,209.07629676571975,4.198228e-08
10.0,0.0,209.07584942062496,4.243338e-08
10.0,0.0,209.0754490798616,3.853347e-08
10.0,0.0,209.07504622179928,4.070171e-08
10.0,0.0,209.0746222853253,4.304457e-08
10.0,0.0,209.0741767506156,3.987225e-08
10.0,0.0,209.07376057513807,4.230242e-08
10.0,0.0,209.07335437148973,4.25207e-08
10.0,0.0,209.07291323264923,4.361209e-08
10.0,0.0,209.07250282496824,4.33356e-08
10.0,0.0,209.07211773672063,4.265166e-08
10.0,0.0,209.07167205132976,4.180765e-08
10.0,0.0,209.07124183141076,4.313188e-08
10.0,0.0,209.0708492430506,4.564936e-08
10.0,0.0,209.0704075946832,4.388858e-08
10.0,0.0,209.0700014110539,3.955211e-08
10.0,0.0,209.06960114413167,3.862078e-08
10.0,0.0,209.06919321914924,4.943286e-08
10.0,0.0,209.068762662784,4.818139e-08
10.0,0.0,209.06833171733751,4.452886e-08
10.0,0.0,209.06792376317287,4.869071e-08
10.0,0.0,209.0675279544949,4.818139e-08
10.0,0.0,209.0670849160764,5.477341e-08
10.0,0.0,209.0666862217423,4.818139e-08
10.0,0.0,209.06626243059543,4.569301e-08
10.0,0.0,209.065861209898,3.707828e-08
10.0,0.0,209.0654239440812,4.452886e-08
10.0,0.0,209.0650083707727,5.39585e-08
10.0,0.0,209.0646123141312,5.007314e-08
10.0,0.0,209.06418382860943,5.400216e-08
10.0,0.0,209.0637446470215,5.227048e-08
10.0,0.0,209.0633209045084,5.656329e-08
10.0,0.0,209.06291416936483,5.426409e-08
10.0,0.0,209.06248822859976,5.033507e-08
10.0,0.0,209.06207321573743,4.650792e-08
10.0,0.0,209.06164459905472,4.305912e-08
10.0,0.0,209.0612136494112,3.940659e-08
10.0,0.0,209.06080581538976,3.559398e-08
10.0,0.0,209.0603833012727,3.233436e-08
10.0,0.0,209.05996660635384,3.895548e-08
10.0,0.0,209.05955542515647,3.421155e-08
10.0,0.0,209.05916585493193,4.265166e-08
10.0,0.0,209.05873282017373,4.311732e-08
10.0,0.0,209.0582887686853,4.567846e-08
10.0,0.0,209.05790347655045,3.30474e-08
10.0,0.0,209.05747524775907,3.648165e-08
10.0,0.0,209.05706254911115,4.394678e-08
10.0,0.0,209.05665661395048,4.714821e-08
10.0,0.0,209.0562258271489,5.077163e-08
10.0,0.0,209.05579861512268,3.901368e-08
10.0,0.0,209.05539878841947,3.71947e-08
10.0,0.0,209.05496846293627,3.412424e-08
10.0,0.0,209.05453978242167,3.588502e-08
10.0,0.0,209.05411768086984,3.755849e-08
10.0,0.0,209.05370936655817,3.585592e-08
10.0,0.0,209.05327871655507,3.524474e-08
10.0,0.0,209.0528502583253,3.808236e-08
10.0,0.0,209.05243970993092,3.933383e-08
10.0,0.0,209.05204747640636,3.936293e-08
10.0,0.0,209.051602328996,3.61033e-08
10.0,0.0,209.05120343067077,3.830064e-08
10.0,0.0,209.0507797688059,3.5477570000000004e-08
10.0,0.0,209.0503767000363,3.429886e-08
10.0,0.0,209.04994248812065,3.803871e-08
10.0,0.0,209.0495329438785,3.822788e-08
10.0,0.0,209.04912955965025,3.966852e-08
10.0,0.0,209.04869861222488,3.239256e-08
10.0,0.0,209.0482734993536,4.004687e-08
10.0,0.0,209.0478650896463,3.488094e-08
10.0,0.0,209.047451884624,3.885361e-08
10.0,0.0,209.04706204573623,3.939203e-08
10.0,0.0,209.0466153664472,3.591413e-08
10.0,0.0,209.04618190662424,4.006142e-08
10.0,0.0,209.04579273544533,3.693276e-08
10.0,0.0,209.04534439397813,4.500907e-08
10.0,0.0,209.0449445253167,3.677269e-08
10.0,0.0,209.04454115455388,4.617323e-08
10.0,0.0,209.04411864904856,4.583853e-08
10.0,0.0,209.043673052522,5.2488760000000004e-08
10.0,0.0,209.04327417921112,5.072798e-08
10.0,0.0,209.04285041132505,4.404865e-08
10.0,0.0,209.04240911701896,5.170295e-08
10.0,0.0,209.0419938195923,5.46861e-08
10.0,0.0,209.0415789385304,5.3682020000000004e-08
10.0,0.0,209.0411713542084,4.848698e-08
10.0,0.0,209.04073087745715,5.20231e-08
10.0,0.0,209.0403324581144,4.7512e-08
10.0,0.0,209.03991635967657,4.575122e-08
10.0,0.0,209.03949354470177,5.021866e-08
10.0,0.0,209.03908555696233,5.295442e-08
10.0,0.0,209.0386618641193,5.128095e-08
10.0,0.0,209.0382632778938,4.461617e-08
10.0,0.0,209.03781604813705,4.145841e-08
10.0,0.0,209.03739591382805,5.0509700000000004e-08
10.0,0.0,209.03700822815276,5.323091e-08
10.0,0.0,209.03659143180028,5.5661080000000004e-08
10.0,0.0,209.036160756312,5.828042e-08
10.0,0.0,209.03575253751487,5.0247760000000004e-08
10.0,0.0,209.0353202329164,5.213951e-08
10.0,0.0,209.03489620929767,5.746551e-08
10.0,0.0,209.034515142035,4.8603400000000004e-08
10.0,0.0,209.03407195679569,5.621405e-08
10.0,0.0,209.0336440052308,5.902257e-08
10.0,0.0,209.03321337256503,5.138281e-08
10.0,0.0,209.03280515461728,5.371112e-08
10.0,0.0,209.03238268284332,5.727634e-08
10.0,0.0,209.03196744100424,5.475886e-08
10.0,0.0,209.03153569782583,4.265166e-08
10.0,0.0,209.03113176112825,4.522735e-08
10.0,0.0,209.0307077371349,5.193579e-08
10.0,0.0,209.0303086696732,4.546018e-08
10.0,0.0,209.0298625420212,5.35656e-08
10.0,0.0,209.0294723034285,4.9389200000000004e-08
10.0,0.0,209.02905971976057,5.173206e-08
10.0,0.0,209.0286339747991,4.647882e-08
10.0,0.0,209.02822584619616,5.410402e-08
10.0,0.0,209.02779535262997,5.721813e-08
10.0,0.0,209.0273926314252,5.502079e-08
10.0,0.0,209.02698329484127,5.200855e-08
10.0,0.0,209.02654468982823,5.257607e-08
10.0,0.0,209.0261566329243,5.413312e-08
10.0,0.0,209.02572226165773,5.903712e-08
10.0,0.0,209.02527898813312,5.759648e-08
10.0,0.0,209.02487443075916,4.892354e-08
10.0,0.0,209.02446362721864,5.005859e-08
10.0,0.0,209.02404805185415,5.20813e-08
10.0,0.0,209.02364163356808,5.052425e-08
10.0,0.0,209.0232157765375,5.384209e-08
10.0,0.0,209.022779540896,4.8530640000000004e-08
10.0,0.0,209.02233098763557,5.4409610000000004e-08
10.0,0.0,209.02191409447667,5.9342710000000004e-08
10.0,0.0,209.0215072380097,5.554466e-08
10.0,0.0,209.02110614931792,5.548645e-08
10.0,0.0,209.02067560679407,5.170295e-08
10.0,0.0,209.0202675449088,5.803304e-08
10.0,0.0,209.01983683118908,5.932816e-08
10.0,0.0,209.01943802455705,6.015762e-08
10.0,0.0,209.01903401622604,5.635957e-08
10.0,0.0,209.0185901386844,5.186303e-08
10.0,0.0,209.01820447105197,5.630136e-08
10.0,0.0,209.0177677034658,5.520997e-08
10.0,0.0,209.01732185714317,5.496258e-08
10.0,0.0,209.0169452459407,5.630136e-08
10.0,0.0,209.01651406456787,5.213951e-08
10.0,0.0,209.0161161676585,5.5588320000000004e-08
10.0,0.0,209.01569837090537,5.801849e-08
10.0,0.0,209.01525722554092,5.100446e-08
10.0,0.0,209.01482641711937,4.783215e-08
10.0,0.0,209.0144263418314,5.612674e-08
10.0,0.0,209.01402089504023,5.77129e-08
10.0,0.0,209.01357878683825,5.161564e-08
10.0,0.0,209.0131550174748,4.570757e-08
10.0,0.0,209.012727654942,5.381298e-08
10.0,0.0,209.01230976967,5.612674e-08
10.0,0.0,209.01188860736127,5.806214e-08
10.0,0.0,209.01148477307447,5.35656e-08
10.0,0.0,209.0110861587588,5.5268170000000004e-08
10.0,0.0,209.01065561580145,5.183392e-08
10.0,0.0,209.0102477408467,5.650509e-08
10.0,0.0,209.0098168600596,5.778566e-08
10.0,0.0,209.00939755043296,4.639151e-08
10.0,0.0,209.0090100887411,4.231697e-08
10.0,0.0,209.00856867977473,5.213951e-08
10.0,0.0,209.00817670380627,5.164475e-08
10.0,0.0,209.00774571976692,5.596667e-08
10.0,0.0,209.0073004728225,4.6362400000000004e-08
10.0,0.0,209.0069150254629,4.668254e-08
10.0,0.0,209.0064895595112,4.9461960000000004e-08
10.0,0.0,209.00607562380475,5.350739e-08
10.0,0.0,209.00566872741237,4.074536e-08
10.0,0.0,209.00523784726172,4.67553e-08
10.0,0.0,209.00483009119364,5.538459e-08
10.0,0.0,209.00441341556683,5.065522e-08
10.0,0.0,209.00398196255156,5.152833e-08
10.0,0.0,209.00356079415056,5.1368260000000004e-08
10.0,0.0,209.00315938433485,4.547474e-08
10.0,0.0,209.0027219603104,4.377216e-08
10.0,0.0,209.00229103912724,4.497997e-08
10.0,0.0,209.00186581417103,4.950562e-08
10.0,0.0,209.0014229327868,4.639151e-08
10.0,0.0,209.00104044242823,4.10655e-08
10.0,0.0,209.0006163042057,3.635068e-08
10.0,0.0,209.00019520438752,4.316098e-08
10.0,0.0,208.9997740293761,3.786408e-08
10.0,0.0,208.99938863157607,3.619061e-08
10.0,0.0,208.99895748809072,3.752939e-08
10.0,0.0,208.9985463653373,4.3321050000000004e-08
10.0,0.0,208.9981421019193,4.073081e-08
10.0,0.0,208.9977112714529,3.627792e-08
10.0,0.0,208.9972805732244,4.394678e-08
10.0,0.0,208.9968763244042,4.2331520000000004e-08
10.0,0.0,208.9964657657448,3.752939e-08
10.0,0.0,208.9960340022908,4.684262e-08
10.0,0.0,208.99562999132763,4.381582e-08
10.0,0.0,208.99520650456316,4.832691e-08
10.0,0.0,208.9947649818964,3.744208e-08
10.0,0.0,208.9943588437193,4.656613e-08
10.0,0.0,208.99394628605208,5.35365e-08
10.0,0.0,208.9935305439249,4.698813e-08
10.0,0.0,208.9930868896884,4.86616e-08
10.0,0.0,208.99268807589732,4.6362400000000004e-08
10.0,0.0,208.9922481171139,4.757021e-08
10.0,0.0,208.9918188158772,4.695903e-08
10.0,0.0,208.99142552784537,4.388858e-08
10.0,0.0,208.99101012587013,4.188041e-08
15.0,0.0,209.1408359375,2.0887e-05
15.0,0.0,209.1408359375,-3.507783e-06
15.0,0.0,209.1408359375,-2.533401e-06
15.0,0.0,209.1408359375,-1.929046e-06
15.0,0.0,209.1406883257173,-1.476088e-06
15.0,0.0,209.14049830109852,-1.129083e-06
15.0,0.0,209.14026272642263,-8.604110999999999e-07
15.0,0.0,209.140015605658,-6.557821e-07
15.0,0.0,209.139717261,-4.882459e-07
15.0,0.0,209.13935588217632,-3.650202e-07
15.0,0.0,209.13897255650497,-2.7284840000000003e-07
15.0,0.0,209.1385398639336,-1.9659640000000002e-07
15.0,0.0,209.1381545803038,-1.311419e-07
15.0,0.0,209.1377237828918,-8.860660999999998e-08
15.0,0.0,209.13728899188771,-5.369657e-08
15.0,0.0,209.13688524401545,-2.943852e-08
15.0,0.0,209.13648108430309,-5.558832e-09
15.0,0.0,209.136046900314,1.071021e-08
15.0,0.0,209.13564442432445,2.5029290000000002e-08
15.0,0.0,209.13522065418564,3.325113e-08
15.0,0.0,209.1347776285122,3.899913e-08
15.0,0.0,209.134348837247,4.489266e-08
15.0,0.0,209.13394878264384,5.002948e-08
15.0,0.0,209.13354594693232,5.2619730000000004e-08
15.0,0.0,209.13312248348933,5.816401e-08
15.0,0.0,209.13269216176505,5.900802e-08
15.0,0.0,209.1322537653994,5.801849e-08
15.0,0.0,209.13186354739165,6.11326e-08
15.0,0.0,209.13142830698325,6.03759e-08
15.0,0.0,209.13102718845064,6.341725e-08
15.0,0.0,209.1306262696129,6.193295e-08
15.0,0.0,209.13018564375056,6.57019e-08
15.0,0.0,209.1297742764228,6.388291e-08
15.0,0.0,209.12936609960104,6.330083e-08
15.0,0.0,209.12893935069448,6.375194e-08
15.0,0.0,209.1285220948035,6.424671e-08
15.0,0.0,209.1281370615516,6.613845e-08
15.0,0.0,209.12769307764984,6.148184e-08
15.0,0.0,209.12726903210464,6.161281e-08
15.0,0.0,209.12686685528104,6.324262e-08
15.0,0.0,209.12644605417515,6.148184e-08
15.0,0.0,209.12601534437565,6.218033e-08
15.0,0.0,209.12561737410928,5.826587e-08
15.0,0.0,209.125199934679,6.554183e-08
15.0,0.0,209.12475871139,6.305345e-08
15.0,0.0,209.12432818738776,6.063783e-08
15.0,0.0,209.12392878889756,5.343463e-08
15.0,0.0,209.12352360813284,5.0582460000000004e-08
15.0,0.0,209.12310440649213,4.096364e-08
15.0,0.0,209.12267362412464,4.195317e-08
15.0,0.0,209.12223371802787,5.309994e-08
15.0,0.0,209.1218097669129,5.758193e-08
15.0,0.0,209.12140402298,5.775655e-08
15.0,0.0,209.12098729004256,6.081245e-08
15.0,0.0,209.1205634819854,5.529728e-08
15.0,0.0,209.12013926634273,5.211041e-08
15.0,0.0,209.1197402152121,4.905451e-08
15.0,0.0,209.11931645851064,5.110633e-08
15.0,0.0,209.11891023388907,5.107722e-08
15.0,0.0,209.11849375323743,4.519825e-08
15.0,0.0,209.11807144467423,5.292532e-08
15.0,0.0,209.11767125308177,4.937465e-08
15.0,0.0,209.11724756023872,4.595495e-08
15.0,0.0,209.1168047793545,4.131289e-08
15.0,0.0,209.11640701308704,4.626054e-08
15.0,0.0,209.1159916600728,5.27798e-08
15.0,0.0,209.1155766064109,5.35365e-08
15.0,0.0,209.1151473825976,5.375477e-08
15.0,0.0,209.11472678908916,5.002948e-08
15.0,0.0,209.11430903285324,5.158654e-08
15.0,0.0,209.11388764594,4.3524780000000004e-08
15.0,0.0,209.1134722915552,4.273898e-08
15.0,0.0,209.11303471283796,4.940375e-08
15.0,0.0,209.1126109002916,4.810863e-08
15.0,0.0,209.11222327801892,5.605398e-08
15.0,0.0,209.11178806668127,5.58648e-08
15.0,0.0,209.11136411793356,5.765469e-08
15.0,0.0,209.11097970760207,5.995389e-08
15.0,0.0,209.11054153734847,4.924368e-08
15.0,0.0,209.1101175693477,5.052425e-08
15.0,0.0,209.10971878021277,5.4598790000000004e-08
15.0,0.0,209.10929480904292,5.225593e-08
15.0,0.0,209.10884727432764,5.678157e-08
15.0,0.0,209.10847242720925,5.299808e-08
15.0,0.0,209.1080442978522,4.5169140000000004e-08
15.0,0.0,209.1076391060051,4.0556190000000004e-08
15.0,0.0,209.1072260734836,4.976755e-08
15.0,0.0,209.10678270660375,4.965113e-08
15.0,0.0,209.10635505169367,5.379843e-08
15.0,0.0,209.10595425068976,5.496258e-08
15.0,0.0,209.10555195169084,5.3289110000000004e-08
15.0,0.0,209.1051272101164,5.816401e-08
15.0,0.0,209.1047191259522,5.611219e-08
15.0,0.0,209.10428854684667,3.72238e-08
15.0,0.0,209.10386252332808,5.237234e-08
15.0,0.0,209.10344741383133,6.410119e-08
15.0,0.0,209.10303214562424,6.184564e-08
15.0,0.0,209.10258856102365,5.576294e-08
15.0,0.0,209.10216481815192,6.009941e-08
15.0,0.0,209.1017658507476,5.228503e-08
15.0,0.0,209.10134191358244,5.766924e-08
15.0,0.0,209.100899661963,6.055052e-08
15.0,0.0,209.10051969777177,5.883339e-08
15.0,0.0,209.1000960856935,6.23113e-08
15.0,0.0,209.09966423769944,6.101618e-08
15.0,0.0,209.0992730695236,6.095797e-08
15.0,0.0,209.09882519997504,6.375194e-08
15.0,0.0,209.09843980328475,6.015762e-08
15.0,0.0,209.09801944792213,5.973561e-08
15.0,0.0,209.09760092993096,5.318725e-08
15.0,0.0,209.0971839802069,5.806214e-08
15.0,0.0,209.0967623294603,5.876063e-08
15.0,0.0,209.09633156301095,5.4467820000000004e-08
15.0,0.0,209.09594652799927,5.535549e-08
15.0,0.0,209.09552803130785,4.576577e-08
15.0,0.0,209.09510765209313,5.742186e-08
15.0,0.0,209.0946767314128,5.742186e-08
15.0,0.0,209.09423726766724,6.079790000000001e-08
15.0,0.0,209.09383835834464,5.679613e-08
15.0,0.0,209.09342340434125,5.768379e-08
15.0,0.0,209.0929906180947,5.731999e-08
15.0,0.0,209.0925646696547,5.6243150000000004e-08
15.0,0.0,209.09213761098843,5.376933e-08
15.0,0.0,209.09174381325383,5.574839e-08
15.0,0.0,209.09129856113427,5.462789e-08
15.0,0.0,209.09087437395897,5.190668e-08
15.0,0.0,209.0904863507714,5.211041e-08
15.0,0.0,209.0900711685068,4.969479e-08
15.0,0.0,209.08965897094265,4.474714e-08
15.0,0.0,209.08923470759964,5.225593e-08
15.0,0.0,209.08880398663084,4.742469e-08
15.0,0.0,209.08840227432137,4.832691e-08
15.0,0.0,209.08799451703396,4.796311e-08
15.0,0.0,209.08757941836708,4.806498e-08
15.0,0.0,209.0871651757474,5.3682020000000004e-08
15.0,0.0,209.08674188613568,4.468893e-08
15.0,0.0,209.0863109135271,5.010224e-08
15.0,0.0,209.08590984926204,4.82105e-08
15.0,0.0,209.08550243094567,4.835601e-08
15.0,0.0,209.08506206874097,5.139736e-08
15.0,0.0,209.084671424062,5.180482e-08
15.0,0.0,209.0842393780848,5.237234e-08
15.0,0.0,209.08381556017,4.985486e-08
15.0,0.0,209.08337019794612,5.35365e-08
15.0,0.0,209.08295479025247,5.072798e-08
15.0,0.0,209.08254383126808,3.591413e-08
15.0,0.0,209.08213957928447,3.998866e-08
15.0,0.0,209.0816959262448,4.495087e-08
15.0,0.0,209.08127230844477,4.265166e-08
15.0,0.0,209.08086987710965,4.300091e-08
15.0,0.0,209.08044939805393,4.003232e-08
15.0,0.0,209.08003124921305,3.729656e-08
15.0,0.0,209.07962673780648,3.7660360000000003e-08
15.0,0.0,209.0791924040212,4.586764e-08
15.0,0.0,209.07880443818473,4.10073e-08
15.0,0.0,209.07835765608755,3.805326e-08
15.0,0.0,209.07795644769348,4.131289e-08
15.0,0.0,209.0775545962308,4.2462490000000004e-08
15.0,0.0,209.07712961927868,5.113543e-08
15.0,0.0,209.07672148421224,4.412141e-08
15.0,0.0,209.0762860265449,3.482273e-08
15.0,0.0,209.07586200851543,3.665627e-08
15.0,0.0,209.0754773059572,4.36703e-08
15.0,0.0,209.0750394793036,4.59404e-08
15.0,0.0,209.07461585625336,4.080357e-08
15.0,0.0,209.07418230432063,3.802415e-08
15.0,0.0,209.07377429046707,4.562025e-08
15.0,0.0,209.073345376718,4.601316e-08
15.0,0.0,209.0729300514975,3.846071e-08
15.0,0.0,209.0724968719872,3.863533e-08
15.0,0.0,209.0721170981452,4.288449e-08
15.0,0.0,209.07167438684007,4.515459e-08
15.0,0.0,209.0712354256072,4.842877e-08
15.0,0.0,209.07084995550727,4.850153e-08
15.0,0.0,209.07040974461788,4.681351e-08
15.0,0.0,209.07000341537608,4.5169140000000004e-08
15.0,0.0,209.0696028611808,4.726462e-08
15.0,0.0,209.06918550074028,4.355388e-08
15.0,0.0,209.06876341583867,4.124013e-08
15.0,0.0,209.06833256227728,4.588219e-08
15.0,0.0,209.06793365757196,4.986941e-08
15.0,0.0,209.0675294127753,4.272442e-08
15.0,0.0,209.0670859967281,4.300091e-08
15.0,0.0,209.06668735692955,4.429603e-08
15.0,0.0,209.06626336149503,4.854519e-08
15.0,0.0,209.06581817631297,4.230242e-08
15.0,0.0,209.06542479243527,4.228787e-08
15.0,0.0,209.06500963397755,4.620233e-08
15.0,0.0,209.06461323282824,3.926107e-08
15.0,0.0,209.0641850642075,4.048343e-08
15.0,0.0,209.063746361083,3.72238e-08
15.0,0.0,209.06332266855648,4.778849e-08
15.0,0.0,209.0629160459628,4.273898e-08
15.0,0.0,209.06249077237453,4.043977e-08
15.0,0.0,209.06207541273375,4.093454e-08
15.0,0.0,209.0616462415562,4.32774e-08
15.0,0.0,209.06120317972372,3.792229e-08
15.0,0.0,209.06080696429953,4.126923e-08
15.0,0.0,209.060384866894,3.582682e-08
15.0,0.0,209.0599677242436,3.582682e-08
15.0,0.0,209.05955706344713,3.479363e-08
15.0,0.0,209.05913347066135,3.556488e-08
15.0,0.0,209.05873488088284,3.7325660000000004e-08
15.0,0.0,209.0582941895825,3.595778e-08
15.0,0.0,209.05789269322105,3.6598070000000004e-08
15.0,0.0,209.05747725682548,4.349567e-08
15.0,0.0,209.05706448830168,4.25789e-08
15.0,0.0,209.05665835410687,4.177855e-08
15.0,0.0,209.05622778997449,3.736932e-08
15.0,0.0,209.0558197536362,3.8315190000000004e-08
15.0,0.0,209.05540058176217,3.955211e-08
15.0,0.0,209.05497034929567,4.388858e-08
15.0,0.0,209.0545418748694,4.195317e-08
15.0,0.0,209.05411878358677,4.580943e-08
15.0,0.0,209.05371092211567,4.422327e-08
15.0,0.0,209.053280292108,4.4252370000000004e-08
15.0,0.0,209.05285256422712,4.656613e-08
15.0,0.0,209.05246500524967,4.805042e-08
15.0,0.0,209.0520284803668,5.173206e-08
15.0,0.0,209.05160458188993,4.703179e-08
15.0,0.0,209.0511857975952,4.566391e-08
15.0,0.0,209.05078215229065,4.802132e-08
15.0,0.0,209.0503788440957,5.033507e-08
15.0,0.0,209.04994524761912,4.906906e-08
15.0,0.0,209.0495299501925,4.573667e-08
15.0,0.0,209.04912809910212,5.029142e-08
15.0,0.0,209.04870100935324,5.030597e-08
15.0,0.0,209.04827576034407,4.21569e-08
15.0,0.0,209.04786806564124,4.185131e-08
15.0,0.0,209.04745304417472,4.265166e-08
15.0,0.0,209.04704207339523,3.977038e-08
15.0,0.0,209.0466378860024,4.041067e-08
15.0,0.0,209.0461938147808,3.947935e-08
15.0,0.0,209.04577614844143,4.25207e-08
15.0,0.0,209.04537155218927,4.086178e-08
15.0,0.0,209.04493224305847,4.1472960000000004e-08
15.0,0.0,209.0445238316641,4.52128e-08
15.0,0.0,209.04412149411473,4.796311e-08
15.0,0.0,209.04369074963452,4.5562050000000004e-08
15.0,0.0,209.04325269370847,4.29136e-08
15.0,0.0,209.04282865066472,4.471804e-08
15.0,0.0,209.04242106977264,5.013135e-08
15.0,0.0,209.04199664130493,5.211041e-08
15.0,0.0,209.04158097593253,4.8341460000000004e-08
15.0,0.0,209.04115138448904,4.8268700000000004e-08
15.0,0.0,209.04074352973143,4.249159e-08
15.0,0.0,209.04031256203749,4.486355e-08
15.0,0.0,209.03991143213148,4.921458e-08
15.0,0.0,209.03950429424273,5.125185e-08
15.0,0.0,209.0390880138765,5.390029e-08
15.0,0.0,209.03867990701704,5.315815e-08
15.0,0.0,209.03824061075343,5.490438e-08
15.0,0.0,209.0378413118515,5.46861e-08
15.0,0.0,209.0374177754057,5.010224e-08
15.0,0.0,209.03700227582516,4.193862e-08
15.0,0.0,209.0365948959931,3.592868e-08
15.0,0.0,209.0361632014164,4.684262e-08
15.0,0.0,209.03575507001787,4.508183e-08
15.0,0.0,209.03532439111208,4.048343e-08
15.0,0.0,209.03490631172363,4.145841e-08
15.0,0.0,209.03448556841008,4.578033e-08
15.0,0.0,209.03407696408672,4.288449e-08
15.0,0.0,209.03365307549123,4.541653e-08
15.0,0.0,209.03321597690768,4.656613e-08
15.0,0.0,209.03278962281755,5.152833e-08
15.0,0.0,209.03238647599875,5.232869e-08
15.0,0.0,209.03196469468904,5.541369e-08
15.0,0.0,209.03154645271343,5.225593e-08
15.0,0.0,209.03114161704923,5.020411e-08
15.0,0.0,209.03071103523496,4.969479e-08
15.0,0.0,209.030302789176,5.008769e-08
15.0,0.0,209.02988026968023,5.336187e-08
15.0,0.0,209.02947709850616,4.93601e-08
15.0,0.0,209.02907773245383,4.646427e-08
15.0,0.0,209.0286299296672,4.805042e-08
15.0,0.0,209.0282313639374,5.180482e-08
15.0,0.0,209.0278075494919,4.912727e-08
15.0,0.0,209.027361374832,5.132461e-08
15.0,0.0,209.02697408123447,4.812318e-08
15.0,0.0,209.02655883643047,4.595495e-08
15.0,0.0,209.02613315673707,5.1441020000000004e-08
15.0,0.0,209.02572502709236,5.234324e-08
15.0,0.0,209.02529447072703,5.516631e-08
15.0,0.0,209.02486963042577,4.912727e-08
15.0,0.0,209.02448190735407,4.770118e-08
15.0,0.0,209.02406611350847,5.390029e-08
15.0,0.0,209.02361907732913,5.385664e-08
15.0,0.0,209.0231952344,5.264883e-08
15.0,0.0,209.02279624292825,5.216862e-08
15.0,0.0,209.02234901208104,5.715992e-08
15.0,0.0,209.0219336550304,5.276524e-08
15.0,0.0,209.0215181622536,4.692993e-08
15.0,0.0,209.0210769722896,4.887988e-08
15.0,0.0,209.02067748355788,5.164475e-08
15.0,0.0,209.0202535906001,5.238689e-08
15.0,0.0,209.01985303816056,4.732283e-08
15.0,0.0,209.01943078026667,4.502363e-08
15.0,0.0,209.01901436946912,4.818139e-08
15.0,0.0,209.01860844520564,5.292532e-08
15.0,0.0,209.01820952782992,5.417678e-08
15.0,0.0,209.0177672755096,5.422044e-08
15.0,0.0,209.01733647592664,5.47152e-08
15.0,0.0,209.01693765480587,5.35656e-08
15.0,0.0,209.01653356959372,5.343463e-08
15.0,0.0,209.01611250671047,5.5079e-08
15.0,0.0,209.01570456440953,5.663605e-08
15.0,0.0,209.01526743377195,5.746551e-08
15.0,0.0,209.01484339072817,5.729089e-08
15.0,0.0,209.01443490401243,5.337643e-08
15.0,0.0,209.01401362403325,5.414768e-08
15.0,0.0,209.01359616495392,5.85278e-08
15.0,0.0,209.01316547042228,5.480251e-08
15.0,0.0,209.0127430167778,5.387119e-08
15.0,0.0,209.01232536447608,5.192123e-08
15.0,0.0,209.0118811073775,5.110633e-08
15.0,0.0,209.01150292960995,5.330367e-08
15.0,0.0,209.01107863119012,5.180482e-08
15.0,0.0,209.0106492386701,5.28089e-08
15.0,0.0,209.0102567556948,5.515176e-08
15.0,0.0,209.0098101379138,5.216862e-08
15.0,0.0,209.00940851544624,5.097536e-08
15.0,0.0,209.00900140025124,5.139736e-08
15.0,0.0,209.0085860272844,4.559115e-08
15.0,0.0,209.0081704393043,4.79049e-08
15.0,0.0,209.00773831942664,4.137109e-08
15.0,0.0,209.00733920613703,4.377216e-08
15.0,0.0,209.00692477414896,4.4441550000000004e-08
15.0,0.0,209.006481726002,4.399044e-08
15.0,0.0,209.0060699580644,4.380126e-08
15.0,0.0,209.00566946213863,4.534377e-08
15.0,0.0,209.0052311023757,4.729372e-08
15.0,0.0,209.0048229502724,4.690082e-08
15.0,0.0,209.0044048285885,4.947651e-08
15.0,0.0,209.003989691298,4.624599e-08
15.0,0.0,209.00355074861943,4.4645280000000004e-08
15.0,0.0,209.00316147830068,4.695903e-08
15.0,0.0,209.0027278183388,4.82396e-08
15.0,0.0,209.0023039555963,5.1499230000000004e-08
15.0,0.0,209.00185749305555,4.982576e-08
15.0,0.0,209.00144207839855,4.723552e-08
15.0,0.0,209.0010543927233,3.990135e-08
15.0,0.0,209.0006291616343,3.763125e-08
15.0,0.0,209.00018489179988,4.447065e-08
15.0,0.0,208.99978601848895,4.17931e-08
15.0,0.0,208.99938256347608,4.573667e-08
15.0,0.0,208.99897735634084,4.497997e-08
15.0,0.0,208.9985434454012,4.14293e-08
15.0,0.0,208.99814040378595,4.212779e-08
15.0,0.0,208.99771641077083,3.959576e-08
15.0,0.0,208.99727919181151,4.468893e-08
15.0,0.0,208.9968725126811,4.685717e-08
15.0,0.0,208.99645699066497,4.1545720000000004e-08
15.0,0.0,208.99604619475275,3.882451e-08
15.0,0.0,208.9956414234608,4.321919e-08
15.0,0.0,208.99521043233068,4.905451e-08
15.0,0.0,208.99477369135445,4.682806e-08
15.0,0.0,208.99437126605343,4.605681e-08
15.0,0.0,208.99395125302308,5.008769e-08
15.0,0.0,208.9935211883843,4.809408e-08
15.0,0.0,208.9931022629776,4.9461960000000004e-08
15.0,0.0,208.99268532528615,4.59695e-08
15.0,0.0,208.99226341778572,4.6624340000000004e-08
15.0,0.0,208.9918324227696,4.576577e-08
15.0,0.0,208.99142470011705,4.377216e-08
15.0,0.0,208.99102904250512,4.726462e-08
20.0,0.0,209.1408359375,2.072428e-05
20.0,0.0,209.1408359375,-3.563604e-06
20.0,0.0,209.1408359375,-2.584871e-06
20.0,0.0,209.1408359375,-1.977533e-06
20.0,0.0,209.14068273842437,-1.52133e-06
20.0,0.0,209.14049037265923,-1.169639e-06
20.0,0.0,209.14026333702196,-8.977513e-07
20.0,0.0,209.1400057146554,-7.073249000000001e-07
20.0,0.0,209.13970066271753,-4.930625e-07
20.0,0.0,209.13935731655985,-3.839523e-07
20.0,0.0,209.13894928538767,-2.9009240000000005e-07
20.0,0.0,209.13855926685713,-1.9848810000000002e-07
20.0,0.0,209.13813327679892,-1.1899100000000001e-07
20.0,0.0,209.1377253141848,-6.316986e-08
20.0,0.0,209.1372902485685,-4.078902e-08
20.0,0.0,209.1368666660165,-1.263106e-08
20.0,0.0,209.13648214709332,7.654306999999999e-09
20.0,0.0,209.13606672459463,-7.421476999999998e-09
20.0,0.0,209.1356194046776,1.818989e-08
20.0,0.0,209.1351952266621,4.329195e-08
20.0,0.0,209.13479998924424,4.192407e-08
20.0,0.0,209.1343768697523,4.818139e-08
20.0,0.0,209.13393372261552,4.198228e-08
20.0,0.0,209.1335183557044,5.451147e-08
20.0,0.0,209.13310012044153,4.997128e-08
20.0,0.0,209.1326831756246,2.9176590000000002e-08
20.0,0.0,209.1322613130345,2.96568e-08
20.0,0.0,209.13184299466403,4.681351e-08
20.0,0.0,209.13143399593125,5.614129e-08
20.0,0.0,209.13102699284187,4.224421e-08
20.0,0.0,209.13060697567192,4.204048e-08
20.0,0.0,209.1301893296557,5.727634e-08
20.0,0.0,209.1297681705389,6.23404e-08
20.0,0.0,209.12933789676973,5.309994e-08
20.0,0.0,209.12892939951627,5.647598e-08
20.0,0.0,209.1285347816136,6.407208e-08
20.0,0.0,209.12811328863168,6.03759e-08
20.0,0.0,209.1276954086441,4.412141e-08
20.0,0.0,209.1272748589934,5.35365e-08
20.0,0.0,209.1268461299538,5.1499230000000004e-08
20.0,0.0,209.12643636540193,4.770118e-08
20.0,0.0,209.12604324306227,5.601032e-08
20.0,0.0,209.12559865473145,6.156915e-08
20.0,0.0,209.12517468703408,6.474147e-08
20.0,0.0,209.12478131689764,6.15255e-08
20.0,0.0,209.12435359774105,5.742186e-08
20.0,0.0,209.12392796092377,5.43223e-08
20.0,0.0,209.12349536612192,4.467438e-08
20.0,0.0,209.1230797666473,3.76458e-08
20.0,0.0,209.1226501141155,5.263428e-08
20.0,0.0,209.12222882106576,5.554466e-08
20.0,0.0,209.12181102103264,4.720641e-08
20.0,0.0,209.12138973544165,5.940092e-08
20.0,0.0,209.1209743866328,5.702896e-08
20.0,0.0,209.12054118620367,3.734021e-08
20.0,0.0,209.12015598834137,5.301263e-08
20.0,0.0,209.11972515544744,5.772745e-08
20.0,0.0,209.11931696782145,5.574839e-08
20.0,0.0,209.11889761543577,5.340553e-08
20.0,0.0,209.11849269481525,3.796595e-08
20.0,0.0,209.118093277451,4.1341990000000004e-08
20.0,0.0,209.11766251100167,4.544563e-08
20.0,0.0,209.1172404483158,5.270704e-08
20.0,0.0,209.1168235921674,5.043694e-08
20.0,0.0,209.116405773611,4.998583e-08
20.0,0.0,209.11597502791116,5.28089e-08
20.0,0.0,209.1155985982699,5.061156e-08
20.0,0.0,209.11515211155643,5.916809e-08
20.0,0.0,209.11472854634692,5.715992e-08
20.0,0.0,209.11428475004783,4.78467e-08
20.0,0.0,209.1138575492484,5.195034e-08
20.0,0.0,209.11346837705707,5.365291e-08
20.0,0.0,209.11305451055887,4.404865e-08
20.0,0.0,209.11262959466433,4.960748e-08
20.0,0.0,209.11219878273448,5.253241e-08
20.0,0.0,209.1117907722128,4.911271e-08
20.0,0.0,209.1113656879336,4.109461e-08
20.0,0.0,209.1109503282928,4.377216e-08
20.0,0.0,209.11052133305137,4.8603400000000004e-08
20.0,0.0,209.110136208076,4.25207e-08
20.0,0.0,209.10970539614613,6.149639e-08
20.0,0.0,209.1092971936992,5.742186e-08
20.0,0.0,209.1088734030855,6.391201e-08
20.0,0.0,209.10845832800908,6.241316e-08
20.0,0.0,209.10807089247783,5.673792e-08
20.0,0.0,209.1076430207282,5.512265e-08
20.0,0.0,209.10719973557573,5.9284500000000004e-08
20.0,0.0,209.1068040564134,5.337643e-08
20.0,0.0,209.10638165173407,5.528273e-08
20.0,0.0,209.1059659664062,5.426409e-08
20.0,0.0,209.10553453461853,5.183392e-08
20.0,0.0,209.10514910974396,5.225593e-08
20.0,0.0,209.1047064100002,5.39585e-08
20.0,0.0,209.10428266712847,6.186019e-08
20.0,0.0,209.1038340840004,5.8294970000000004e-08
20.0,0.0,209.1034487048616,5.77129e-08
20.0,0.0,209.1030362640093,4.580943e-08
20.0,0.0,209.10261224597988,5.390029e-08
20.0,0.0,209.1021791821593,6.007031000000001e-08
20.0,0.0,209.1017484404724,5.628681e-08
20.0,0.0,209.1013179010345,4.988397e-08
20.0,0.0,209.10091739956465,5.8484150000000004e-08
20.0,0.0,209.10051132710765,5.881884e-08
20.0,0.0,209.1000943084005,5.50499e-08
20.0,0.0,209.09967802965207,5.542825e-08
20.0,0.0,209.09925557516715,5.147012e-08
20.0,0.0,209.09882548262007,5.2416e-08
20.0,0.0,209.09843445086136,5.6446880000000004e-08
20.0,0.0,209.09801918785504,5.291076e-08
20.0,0.0,209.0976003533057,5.548645e-08
20.0,0.0,209.0971924934332,5.155744e-08
20.0,0.0,209.09675445524317,5.308539e-08
20.0,0.0,209.09635389607337,4.924368e-08
20.0,0.0,209.0959428118968,4.640606e-08
20.0,0.0,209.09550810617273,5.209586e-08
20.0,0.0,209.09508391707408,4.67262e-08
20.0,0.0,209.09466865405045,5.064066e-08
20.0,0.0,209.0942456365227,5.174661e-08
20.0,0.0,209.09381475336812,3.616151e-08
20.0,0.0,209.09339458753416,3.4619010000000004e-08
20.0,0.0,209.09296452926108,4.678441e-08
20.0,0.0,209.09259007855744,4.810863e-08
20.0,0.0,209.09214176895628,5.061156e-08
20.0,0.0,209.09171781889927,4.026515e-08
20.0,0.0,209.09131845833608,4.307367e-08
20.0,0.0,209.09087364039823,3.914465e-08
20.0,0.0,209.09048140143423,3.808236e-08
20.0,0.0,209.0900708740193,4.634785e-08
20.0,0.0,209.0896426914532,5.216862e-08
20.0,0.0,209.0892345857795,3.637979e-08
20.0,0.0,209.0888040594949,4.335016e-08
20.0,0.0,209.08840196521865,4.474714e-08
20.0,0.0,209.0879941433685,4.614412e-08
20.0,0.0,209.0875546295612,3.878085e-08
20.0,0.0,209.087165163335,4.818139e-08
20.0,0.0,209.0867319442994,4.297181e-08
20.0,0.0,209.0862919279152,4.5562050000000004e-08
20.0,0.0,209.08590940912367,4.40632e-08
20.0,0.0,209.08547424972943,4.321919e-08
20.0,0.0,209.08506112829343,4.483445e-08
20.0,0.0,209.08465529467688,4.243338e-08
20.0,0.0,209.084224238026,3.987225e-08
20.0,0.0,209.08379692709315,4.407775e-08
20.0,0.0,209.08339660279128,4.224421e-08
20.0,0.0,209.0829666925519,4.602771e-08
20.0,0.0,209.082538225556,5.309994e-08
20.0,0.0,209.0821164070768,5.183392e-08
20.0,0.0,209.0816857998093,4.78758e-08
20.0,0.0,209.08127792572907,4.972389e-08
20.0,0.0,209.0808494029307,3.221794e-08
20.0,0.0,209.08043870807853,4.298636e-08
20.0,0.0,209.0800463642412,4.4310580000000004e-08
20.0,0.0,209.07960172827933,3.569585e-08
20.0,0.0,209.07920293597533,4.217145e-08
20.0,0.0,209.07877894431985,3.07773e-08
20.0,0.0,209.0783762685074,4.449976e-08
20.0,0.0,209.0779420152124,4.349567e-08
20.0,0.0,209.07753719067384,4.553294e-08
20.0,0.0,209.07713307811383,4.304457e-08
20.0,0.0,209.07669765921833,4.310277e-08
20.0,0.0,209.07628973181303,5.122274e-08
20.0,0.0,209.07586392192448,5.034963e-08
20.0,0.0,209.0754483473018,3.962487e-08
20.0,0.0,209.0750200974317,4.276808e-08
20.0,0.0,209.0746349684356,4.073081e-08
20.0,0.0,209.07419120070992,4.084723e-08
20.0,0.0,209.07375113983628,4.468893e-08
20.0,0.0,209.07332048742333,4.0556190000000004e-08
20.0,0.0,209.07290181835984,4.2404280000000004e-08
20.0,0.0,209.0725143550348,4.230242e-08
20.0,0.0,209.07209668963395,3.869354e-08
20.0,0.0,209.0716798857624,4.6551580000000004e-08
20.0,0.0,209.07124965947847,3.962487e-08
20.0,0.0,209.07082729478424,3.479363e-08
20.0,0.0,209.07043714258057,3.931927e-08
20.0,0.0,209.06999350927012,4.124013e-08
20.0,0.0,209.0696005424268,3.7587600000000004e-08
20.0,0.0,209.06917939542373,4.014873e-08
20.0,0.0,209.06874004707595,3.796595e-08
20.0,0.0,209.06833204845103,3.860623e-08
20.0,0.0,209.0679155810368,4.1211020000000004e-08
20.0,0.0,209.06750855499527,3.588502e-08
20.0,0.0,209.06710771041907,4.06144e-08
20.0,0.0,209.066676784788,4.1341990000000004e-08
20.0,0.0,209.06623729775495,4.109461e-08
20.0,0.0,209.06583836623932,4.2404280000000004e-08
20.0,0.0,209.06541469114697,4.1676690000000004e-08
20.0,0.0,209.06499938106143,4.158937e-08
20.0,0.0,209.06459201184913,4.051253e-08
20.0,0.0,209.0641681379418,3.466266e-08
20.0,0.0,209.06372971664092,3.236346e-08
20.0,0.0,209.06332188804123,3.9101e-08
20.0,0.0,209.06290374636768,3.760215e-08
20.0,0.0,209.06248825438456,3.699097e-08
20.0,0.0,209.06204492384748,3.335299e-08
20.0,0.0,209.06162145981895,3.686e-08
20.0,0.0,209.06122649414192,4.118192e-08
20.0,0.0,209.06078308712665,3.5215630000000004e-08
20.0,0.0,209.060378989348,3.30765e-08
20.0,0.0,209.05996852454777,3.869354e-08
20.0,0.0,209.05955649823704,3.862078e-08
20.0,0.0,209.0591510716964,4.164758e-08
20.0,0.0,209.05872032939993,4.377216e-08
20.0,0.0,209.05831213101808,4.1283780000000004e-08
20.0,0.0,209.05789134772772,4.343747e-08
20.0,0.0,209.0574622651376,4.29136e-08
20.0,0.0,209.05706344781925,4.201138e-08
20.0,0.0,209.0566398050049,4.075991e-08
20.0,0.0,209.0562150021244,4.313188e-08
20.0,0.0,209.05579596627825,4.375761e-08
20.0,0.0,209.0553713136281,4.148751e-08
20.0,0.0,209.05495543915856,4.474714e-08
20.0,0.0,209.05456772568948,3.872265e-08
20.0,0.0,209.054140243566,3.726745e-08
20.0,0.0,209.05369708558845,3.917376e-08
20.0,0.0,209.0532628374145,3.824243e-08
20.0,0.0,209.05285100674843,3.704918e-08
20.0,0.0,209.05243549359807,3.783498e-08
20.0,0.0,209.05202661896,3.629248e-08
20.0,0.0,209.05162390063177,3.275636e-08
20.0,0.0,209.0511790573672,3.3629480000000004e-08
20.0,0.0,209.05076862507823,3.818423e-08
20.0,0.0,209.0503584783829,3.624882e-08
20.0,0.0,209.049946383722,3.668538e-08
20.0,0.0,209.04953360930648,3.30765e-08
20.0,0.0,209.0491099461933,3.716559e-08
20.0,0.0,209.04869024238585,3.118475e-08
20.0,0.0,209.0482692327342,3.403693e-08
20.0,0.0,209.04783856061616,3.409514e-08
20.0,0.0,209.04745084052053,2.987508e-08
20.0,0.0,209.04703549413287,3.208697e-08
20.0,0.0,209.04663225702987,3.41679e-08
20.0,0.0,209.0462059716028,3.57104e-08
20.0,0.0,209.04576922896783,3.326568e-08
20.0,0.0,209.04536710039173,3.249443e-08
20.0,0.0,209.04494639958392,4.017784e-08
20.0,0.0,209.044515264008,3.942114e-08
20.0,0.0,209.04409764835424,3.04135e-08
20.0,0.0,209.0436896977141,2.983143e-08
20.0,0.0,209.04325895175484,3.485184e-08
20.0,0.0,209.04282763539467,3.0267980000000004e-08
20.0,0.0,209.0424205841084,3.19269e-08
20.0,0.0,209.04198023046004,3.835885e-08
20.0,0.0,209.0415807648264,3.623427e-08
20.0,0.0,209.04115107933413,4.059984e-08
20.0,0.0,209.04074288288135,4.0221490000000004e-08
20.0,0.0,209.04031220739313,4.29427e-08
20.0,0.0,209.03989122472396,4.692993e-08
20.0,0.0,209.0395034227124,4.307367e-08
20.0,0.0,209.03906506795303,4.762842e-08
20.0,0.0,209.03867980590144,5.289621e-08
20.0,0.0,209.03824062683705,4.281173e-08
20.0,0.0,209.03784118472623,5.066977e-08
20.0,0.0,209.03741783555407,5.082984e-08
20.0,0.0,209.03700226589197,4.337926e-08
20.0,0.0,209.0365950812132,4.546018e-08
20.0,0.0,209.03616334705765,4.1414750000000004e-08
20.0,0.0,209.03574121469907,4.7351930000000004e-08
20.0,0.0,209.03532449644413,3.984314e-08
20.0,0.0,209.0349063507616,4.486355e-08
20.0,0.0,209.03449077791944,5.027687e-08
20.0,0.0,209.0340546071777,5.809125e-08
20.0,0.0,209.03365248686845,4.502363e-08
20.0,0.0,209.03322841284643,5.267793e-08
20.0,0.0,209.03278463101293,5.493348e-08
20.0,0.0,209.03235740376067,5.73491e-08
20.0,0.0,209.03195596449265,5.3682020000000004e-08
20.0,0.0,209.03155420493496,4.82105e-08
20.0,0.0,209.0311465989525,4.25498e-08
20.0,0.0,209.03070988655983,5.08735e-08
20.0,0.0,209.03028601980725,5.2561520000000004e-08
20.0,0.0,209.02988247805268,4.714821e-08
20.0,0.0,209.02944977252488,4.940375e-08
20.0,0.0,209.02906451654732,4.183676e-08
20.0,0.0,209.02864087918584,4.4427e-08
20.0,0.0,209.02820518615027,4.759931e-08
20.0,0.0,209.02781816890973,4.163303e-08
20.0,0.0,209.02737281854624,4.497997e-08
20.0,0.0,209.02695768223327,5.881884e-08
20.0,0.0,209.02657005214556,5.43223e-08
20.0,0.0,209.02614208724808,5.401671e-08
20.0,0.0,209.02572143358273,5.414768e-08
20.0,0.0,209.0252994615589,5.4409610000000004e-08
20.0,0.0,209.02487519338607,5.385664e-08
20.0,0.0,209.0244633639272,4.716276e-08
20.0,0.0,209.02404849454567,4.717731e-08
20.0,0.0,209.02362474071623,5.164475e-08
20.0,0.0,209.02319401974745,5.273614e-08
20.0,0.0,209.02275623484795,5.343463e-08
20.0,0.0,209.02235523735473,4.474714e-08
20.0,0.0,209.02194400654807,4.684262e-08
20.0,0.0,209.02150118962427,4.116737e-08
20.0,0.0,209.0210858076328,4.892354e-08
20.0,0.0,209.02068672122329,4.832691e-08
20.0,0.0,209.0202467523598,5.065522e-08
20.0,0.0,209.0198391413864,4.595495e-08
20.0,0.0,209.01942422775028,5.478796e-08
20.0,0.0,209.01901657688703,5.448237e-08
20.0,0.0,209.01861473406652,5.040783e-08
20.0,0.0,209.0181685951661,5.563197e-08
20.0,0.0,209.01777561187825,4.385947e-08
20.0,0.0,209.01734674666727,4.236063e-08
20.0,0.0,209.01693684311255,4.44852e-08
20.0,0.0,209.01652302452783,4.208414e-08
20.0,0.0,209.01609928730153,4.40341e-08
20.0,0.0,209.0156814228123,5.106267e-08
20.0,0.0,209.01525942633592,5.6519640000000004e-08
20.0,0.0,209.01482872976663,5.47152e-08
20.0,0.0,209.01441202513547,5.343463e-08
20.0,0.0,209.01399003833492,5.401671e-08
20.0,0.0,209.01358165598776,5.103357e-08
20.0,0.0,209.0131577939061,5.438051e-08
20.0,0.0,209.01272044692945,5.24451e-08
20.0,0.0,209.01231233761968,5.9473680000000004e-08
20.0,0.0,209.0118914959056,5.203765e-08
20.0,0.0,209.01148724768584,4.960748e-08
20.0,0.0,209.01108827195904,5.289621e-08
20.0,0.0,209.0106392379128,5.7378200000000004e-08
20.0,0.0,209.0102351720649,5.560287e-08
20.0,0.0,209.00981600106408,4.385947e-08
20.0,0.0,209.00940943754685,3.247987e-08
20.0,0.0,209.00899326301848,5.161564e-08
20.0,0.0,209.00856731039016,5.0320520000000004e-08
20.0,0.0,209.00813984481823,5.061156e-08
20.0,0.0,209.0077318516151,5.267793e-08
20.0,0.0,209.00730413550107,4.969479e-08
20.0,0.0,209.00690612205008,4.969479e-08
20.0,0.0,209.00649102394607,4.276808e-08
20.0,0.0,209.00605503725808,4.647882e-08
20.0,0.0,209.0056699764828,5.161564e-08
20.0,0.0,209.00522936791964,4.678441e-08
20.0,0.0,209.00483114860955,4.777394e-08
20.0,0.0,209.00441500930705,4.810863e-08
20.0,0.0,209.00397204756024,5.147012e-08
20.0,0.0,209.0035566147724,5.061156e-08
20.0,0.0,209.0031309979217,4.5503840000000004e-08
20.0,0.0,209.00272291375748,3.897003e-08
20.0,0.0,209.002291779,5.018956e-08
20.0,0.0,209.00186675715065,4.950562e-08
20.0,0.0,209.001423931354,4.6420610000000004e-08
20.0,0.0,209.0010366136244,4.269532e-08
20.0,0.0,209.00061497452876,4.78467e-08
20.0,0.0,209.00019678714733,4.169124e-08
20.0,0.0,208.99977589109096,4.471804e-08
20.0,0.0,208.9993710491004,4.014873e-08
20.0,0.0,208.99895982075944,4.447065e-08
20.0,0.0,208.9985293710596,4.238973e-08
20.0,0.0,208.99814424206352,2.645538e-08
20.0,0.0,208.99770142924817,3.72529e-08
20.0,0.0,208.99726631120015,4.118192e-08
20.0,0.0,208.99687849384304,3.997411e-08
20.0,0.0,208.99644001416783,4.714821e-08
20.0,0.0,208.99603066254411,4.413596e-08
20.0,0.0,208.99562751282093,4.209869e-08
20.0,0.0,208.99518985769208,4.480535e-08
20.0,0.0,208.99476130876008,4.013418e-08
20.0,0.0,208.99434866279745,4.855974e-08
20.0,0.0,208.99393344875207,4.2462490000000004e-08
20.0,0.0,208.99351814469887,4.573667e-08
20.0,0.0,208.99311920765876,3.942114e-08
20.0,0.0,208.9926771191748,4.234607e-08
20.0,0.0,208.9922380881648,4.7351930000000004e-08
20.0,0.0,208.99185275780607,4.729372e-08
20.0,0.0,208.99141341981033,4.567846e-08
20.0,0.0,208.990998254726,4.802132e-08
25.0,0.0,209.1408359375,2.076024e-05
25.0,0.0,209.1408359375,-3.63146e-06
25.0,0.0,209.1408359375,-2.641609e-06
25.0,0.0,209.1408359375,-2.027402e-06
25.0,0.0,209.14067906170936,-1.56452e-06
25.0,0.0,209.14049034732955,-1.209322e-06
25.0,0.0,209.14026354034405,-9.343203e-07
25.0,0.0,209.1400059236506,-7.218187000000001e-07
25.0,0.0,209.1396911501473,-5.575566000000001e-07
25.0,0.0,209.1393555049291,-4.2932520000000005e-07
25.0,0.0,209.13894925653625,-3.2942630000000003e-07
25.0,0.0,209.13853672805817,-2.545421e-07
25.0,0.0,209.13811283062992,-1.9391880000000002e-07
25.0,0.0,209.1376924957556,-1.4805120000000002e-07
25.0,0.0,209.13729010111635,-1.130538e-07
25.0,0.0,209.13684180411053,-8.424104e-08
25.0,0.0,209.1364551399856,-6.375194e-08
25.0,0.0,209.1360380083624,-4.617323e-08
25.0,0.0,209.13561582709667,-3.361492e-08
25.0,0.0,209.13518509085793,-2.409797e-08
25.0,0.0,209.1347613299177,-1.615263e-08
25.0,0.0,209.1343488633292,-9.924405999999999e-09
25.0,0.0,209.13393352401917,-4.4383339999999995e-09
25.0,0.0,209.13351811838945,-2.8667269999999995e-09
25.0,0.0,209.13307617700565,1.236913e-09
25.0,0.0,209.1326830362675,2.9540389999999995e-09
25.0,0.0,209.1322538579142,5.253241e-09
25.0,0.0,209.1318306643444,6.3009789999999996e-09
25.0,0.0,209.13141896403576,5.529728e-09
25.0,0.0,209.13100814897544,8.731148999999998e-09
25.0,0.0,209.13058424249687,8.367350999999999e-09
25.0,0.0,209.1301536455211,9.298674e-09
25.0,0.0,209.1297616526575,8.265488e-09
25.0,0.0,209.12931458657084,9.371432999999999e-09
25.0,0.0,209.12892904939585,9.662471999999999e-09
25.0,0.0,209.12851409137448,9.153154999999999e-09
25.0,0.0,209.12809021842824,9.604264e-09
25.0,0.0,209.1276737880553,9.691575999999999e-09
25.0,0.0,209.1272674849673,9.662471999999999e-09
25.0,0.0,209.12682022809983,9.822543e-09
25.0,0.0,209.12640130341327,9.647919999999999e-09
25.0,0.0,209.12601374003063,9.924405999999999e-09
25.0,0.0,209.1255959717152,9.182258999999999e-09
25.0,0.0,209.1251653532952,1.033186e-08
25.0,0.0,209.12475712271967,9.065843e-09
25.0,0.0,209.12432645492711,1.015724e-08
25.0,0.0,209.1239090724412,1.0171790000000001e-08
25.0,0.0,209.1234938750721,8.512869999999998e-09
25.0,0.0,209.1230542937955,9.953509999999999e-09
25.0,0.0,209.12263043616448,9.720678999999998e-09
25.0,0.0,209.12224107658648,9.735230999999998e-09
25.0,0.0,209.12180752067033,9.764335e-09
25.0,0.0,209.1213607035509,9.007635999999998e-09
25.0,0.0,209.12094528105223,1.040462e-08
25.0,0.0,209.12056070635495,8.731148999999998e-09
25.0,0.0,209.12013675561295,9.458744999999999e-09
25.0,0.0,209.1197013498709,9.720678999999998e-09
25.0,0.0,209.11931396452604,9.560608e-09
25.0,0.0,209.1188683028268,9.546056e-09
25.0,0.0,209.1184769313744,9.153154999999999e-09
25.0,0.0,209.11806512431048,9.822543e-09
25.0,0.0,209.1176380739388,9.502400999999998e-09
25.0,0.0,209.1172178859236,9.255018e-09
25.0,0.0,209.1167990687656,9.720678999999998e-09
25.0,0.0,209.1163752944825,9.153154999999999e-09
25.0,0.0,209.1159726724076,1.02882e-08
25.0,0.0,209.11557231800717,9.298674e-09
25.0,0.0,209.11514391418163,9.400536999999999e-09
25.0,0.0,209.1147130140467,9.516952999999998e-09
25.0,0.0,209.1142767003472,9.138602999999999e-09
25.0,0.0,209.1138526322891,9.793439e-09
25.0,0.0,209.11346683290287,8.600181999999998e-09
25.0,0.0,209.11305139966433,1.040462e-08
25.0,0.0,209.11260621011948,8.702044999999999e-09
25.0,0.0,209.11218266505497,8.993083999999999e-09
25.0,0.0,209.11178395010143,8.352798999999998e-09
25.0,0.0,209.11136030728707,8.716596999999998e-09
25.0,0.0,209.11091993917225,1.006993e-08
25.0,0.0,209.11051917694343,9.036739e-09
25.0,0.0,209.11011345390983,9.182258999999999e-09
25.0,0.0,209.10969306124528,9.400536999999999e-09
25.0,0.0,209.10927228909404,8.993083999999999e-09
25.0,0.0,209.10884306955248,8.876667999999999e-09
25.0,0.0,209.10844363567452,8.338246999999998e-09
25.0,0.0,209.108040414556,1.0302760000000001e-08
25.0,0.0,209.1076180660611,8.993083999999999e-09
25.0,0.0,209.10719993649107,8.978531999999999e-09
25.0,0.0,209.10677384327903,8.600181999999998e-09
25.0,0.0,209.1063496445124,9.371432999999999e-09
25.0,0.0,209.10594009195097,9.487848999999999e-09
25.0,0.0,209.10551985632569,9.036739e-09
25.0,0.0,209.1051010872488,9.633367999999999e-09
25.0,0.0,209.10470360704568,9.327778e-09
25.0,0.0,209.10426198903528,9.153154999999999e-09
25.0,0.0,209.10383105576815,9.211361999999998e-09
25.0,0.0,209.10343185399807,8.556525999999998e-09
25.0,0.0,209.1030268832596,9.094947e-09
25.0,0.0,209.10260712706085,8.993083999999999e-09
25.0,0.0,209.10216050019292,1.009903e-08
25.0,0.0,209.10172323024076,9.007635999999998e-09
25.0,0.0,209.10131500963496,9.196809999999999e-09
25.0,0.0,209.10089476078412,9.094947e-09
25.0,0.0,209.1004902875293,8.803908999999998e-09
25.0,0.0,209.10009091643207,9.764335e-09
25.0,0.0,209.09966026738584,8.338246999999998e-09
25.0,0.0,209.09925202565185,9.793439e-09
25.0,0.0,209.0988196912804,8.367350999999999e-09
25.0,0.0,209.0984127846988,9.327778e-09
25.0,0.0,209.09801431459755,9.298674e-09
25.0,0.0,209.09757132676623,8.541973999999998e-09
25.0,0.0,209.09715936062403,1.0040820000000001e-08
25.0,0.0,209.09673510996717,9.094947e-09
25.0,0.0,209.09634998097107,8.541973999999998e-09
25.0,0.0,209.09590988691556,9.633367999999999e-09
25.0,0.0,209.0954947864614,8.789357e-09
25.0,0.0,209.09507935427632,9.487848999999999e-09
25.0,0.0,209.09466527699067,7.901689999999999e-09
25.0,0.0,209.09423222422475,9.57516e-09
25.0,0.0,209.0938084838272,8.294592e-09
25.0,0.0,209.09336230180992,8.090864999999998e-09
25.0,0.0,209.0929609010092,9.968061999999999e-09
25.0,0.0,209.09255971444745,8.789357e-09
25.0,0.0,209.09213372031476,8.731148999999998e-09
25.0,0.0,209.091689596841,8.541973999999998e-09
25.0,0.0,209.091290402921,9.34233e-09
25.0,0.0,209.09086668994124,8.498318e-09
25.0,0.0,209.09048258417008,8.207279999999999e-09
25.0,0.0,209.0900394565288,9.880749999999999e-09
25.0,0.0,209.08963537472357,7.974449999999999e-09
25.0,0.0,209.08922164460407,8.672940999999999e-09
25.0,0.0,209.08878351163153,8.818460999999998e-09
25.0,0.0,209.0883781889474,9.007635999999998e-09
25.0,0.0,209.0879631117353,8.934875999999999e-09
25.0,0.0,209.08755152362755,7.930793999999999e-09
25.0,0.0,209.08714657217175,9.57516e-09
25.0,0.0,209.0867038187189,7.989001e-09
25.0,0.0,209.08630763129833,9.26957e-09
25.0,0.0,209.0858861765305,8.687492999999999e-09
25.0,0.0,209.0854428292785,7.363268999999999e-09
25.0,0.0,209.0850583231237,9.822543e-09
25.0,0.0,209.08463423486296,7.872585999999999e-09
25.0,0.0,209.08419875788616,9.429640999999999e-09
25.0,0.0,209.08379053430545,8.047208999999998e-09
25.0,0.0,209.08336534156905,8.760253e-09
25.0,0.0,209.08294996436516,9.822543e-09
25.0,0.0,209.0825344701421,7.668858999999999e-09
25.0,0.0,209.0820906531396,9.415088999999999e-09
25.0,0.0,209.08165955277275,8.338246999999998e-09
25.0,0.0,209.08126819300688,8.483766999999999e-09
25.0,0.0,209.08082113039887,8.920323999999999e-09
25.0,0.0,209.08042894447425,8.367350999999999e-09
25.0,0.0,209.08000974383356,9.371432999999999e-09
25.0,0.0,209.0795859042314,7.872585999999999e-09
25.0,0.0,209.07918691204085,9.211361999999998e-09
25.0,0.0,209.0787544190649,8.090864999999998e-09
25.0,0.0,209.07836454312888,8.905771999999999e-09
25.0,0.0,209.07792423463724,9.57516e-09
25.0,0.0,209.07751646398015,7.654306999999999e-09
25.0,0.0,209.07711435853864,9.094947e-09
25.0,0.0,209.0766836570076,8.993083999999999e-09
25.0,0.0,209.07627566710687,8.993083999999999e-09
25.0,0.0,209.0758470870797,8.585629999999998e-09
25.0,0.0,209.0754316228903,7.668858999999999e-09
25.0,0.0,209.0750062074968,9.880749999999999e-09
25.0,0.0,209.07459936854085,7.974449999999999e-09
25.0,0.0,209.07416765423568,8.876667999999999e-09
25.0,0.0,209.07373711769,8.541973999999998e-09
25.0,0.0,209.073328894736,9.371432999999999e-09
25.0,0.0,209.0729120664428,8.265488e-09
25.0,0.0,209.07249662342065,7.872585999999999e-09
25.0,0.0,209.07205932300087,9.516952999999998e-09
25.0,0.0,209.0716577233489,7.727066999999999e-09
25.0,0.0,209.07122025040647,9.167706999999999e-09
25.0,0.0,209.0707933543162,8.003553e-09
25.0,0.0,209.07039183998097,8.833012999999998e-09
25.0,0.0,209.06997606639695,9.327778e-09
25.0,0.0,209.0695876865233,8.207279999999999e-09
25.0,0.0,209.0691570563393,8.643837999999999e-09
25.0,0.0,209.06873545118995,8.119968999999998e-09
25.0,0.0,209.06831810671883,9.109499e-09
25.0,0.0,209.0678989250256,8.396454999999999e-09
25.0,0.0,209.06751134433924,8.294592e-09
25.0,0.0,209.06706983523608,9.34233e-09
25.0,0.0,209.06667760563056,7.843481999999998e-09
25.0,0.0,209.0662469460187,9.26957e-09
25.0,0.0,209.06582308191625,8.003553e-09
25.0,0.0,209.0653787443021,8.760253e-09
25.0,0.0,209.06499100555556,9.400536999999999e-09
25.0,0.0,209.06457548988888,7.668858999999999e-09
25.0,0.0,209.06414648249623,9.196809999999999e-09
25.0,0.0,209.06373846523977,8.076312999999998e-09
25.0,0.0,209.06330475574433,9.327778e-09
25.0,0.0,209.0628581316909,8.352798999999998e-09
25.0,0.0,209.062442862058,8.338246999999998e-09
25.0,0.0,209.06202748125,8.760253e-09
25.0,0.0,209.0616262682528,8.309143999999998e-09
25.0,0.0,209.06119919105527,8.847563999999998e-09
25.0,0.0,209.06077401033303,7.770723e-09
25.0,0.0,209.06036599243828,8.672940999999999e-09
25.0,0.0,209.05993903792245,9.444192999999999e-09
25.0,0.0,209.0595214684861,7.421476999999998e-09
25.0,0.0,209.05911600842384,9.196809999999999e-09
25.0,0.0,209.05869527337927,7.916241999999999e-09
25.0,0.0,209.0582930680775,9.094947e-09
25.0,0.0,209.05784531761293,8.483766999999999e-09
25.0,0.0,209.05745782649407,8.294592e-09
25.0,0.0,209.05704216774828,9.007635999999998e-09
25.0,0.0,209.0566374954504,8.396454999999999e-09
25.0,0.0,209.056211664755,8.934875999999999e-09
25.0,0.0,209.0557808728388,7.901689999999999e-09
25.0,0.0,209.0553533384964,8.265488e-09
25.0,0.0,209.0549652981285,9.153154999999999e-09
25.0,0.0,209.054528368742,8.309143999999998e-09
25.0,0.0,209.05410409503844,9.022187e-09
25.0,0.0,209.05367154831103,8.309143999999998e-09
25.0,0.0,209.05326371243305,8.716596999999998e-09
25.0,0.0,209.05283278680193,9.211361999999998e-09
25.0,0.0,209.05241662692663,7.697962999999999e-09
25.0,0.0,209.05199378042968,9.196809999999999e-09
25.0,0.0,209.05160832964697,7.566995999999998e-09
25.0,0.0,209.05116152943552,9.211361999999998e-09
25.0,0.0,209.05076930253304,7.785275e-09
25.0,0.0,209.05033930811865,8.600181999999998e-09
25.0,0.0,209.0498960654152,9.415088999999999e-09
25.0,0.0,209.0495082963585,7.450580999999999e-09
25.0,0.0,209.049091419384,9.007635999999998e-09
25.0,0.0,209.04867528111737,8.090864999999998e-09
25.0,0.0,209.04825289255572,8.963979999999999e-09
25.0,0.0,209.04782333936396,8.323695999999998e-09
25.0,0.0,209.04743136452467,7.508788e-09
25.0,0.0,209.0470159855708,8.658389999999999e-09
25.0,0.0,209.0465976689515,7.799827e-09
25.0,0.0,209.04618951339103,8.309143999999998e-09
25.0,0.0,209.0457509522153,7.799827e-09
25.0,0.0,209.04535080239452,8.600181999999998e-09
25.0,0.0,209.044938975128,8.672940999999999e-09
25.0,0.0,209.0444957046308,7.639754999999999e-09
25.0,0.0,209.04408069092793,9.094947e-09
25.0,0.0,209.0436731011675,7.901689999999999e-09
25.0,0.0,209.04324251664025,8.702044999999999e-09
25.0,0.0,209.0428092569958,7.712514999999999e-09
25.0,0.0,209.04238556948016,8.454662999999999e-09
25.0,0.0,209.04194770261847,9.196809999999999e-09
25.0,0.0,209.041541938355,7.566995999999998e-09
25.0,0.0,209.0411389662463,8.993083999999999e-09
25.0,0.0,209.04070331067652,7.727066999999999e-09
25.0,0.0,209.04029554487596,9.007635999999998e-09
25.0,0.0,209.03987099883207,9.182258999999999e-09
25.0,0.0,209.03946824492567,7.465132999999999e-09
25.0,0.0,209.03906762140545,8.803908999999998e-09
25.0,0.0,209.03865627354963,7.814377999999998e-09
25.0,0.0,209.038231696763,9.036739e-09
25.0,0.0,209.0378038261537,7.901689999999999e-09
25.0,0.0,209.03740568078115,8.454662999999999e-09
25.0,0.0,209.03699055674372,8.658389999999999e-09
25.0,0.0,209.03655422293852,7.3050609999999995e-09
25.0,0.0,209.03615203397368,9.211361999999998e-09
25.0,0.0,209.03572814440835,7.799827e-09
25.0,0.0,209.03528435573287,9.356880999999999e-09
25.0,0.0,209.0348805051865,8.527421999999998e-09
25.0,0.0,209.03447007954577,8.018104999999998e-09
25.0,0.0,209.03405464670584,9.57516e-09
25.0,0.0,209.03360885729143,7.828929999999998e-09
25.0,0.0,209.03321040049008,8.876667999999999e-09
25.0,0.0,209.032786497216,8.265488e-09
25.0,0.0,209.03236262927263,7.887137999999999e-09
25.0,0.0,209.03192201887492,9.298674e-09
25.0,0.0,209.03153411747593,7.901689999999999e-09
25.0,0.0,209.0311127682137,8.687492999999999e-09
25.0,0.0,209.03069476973477,7.727066999999999e-09
25.0,0.0,209.03027414984257,9.007635999999998e-09
25.0,0.0,209.02984526043036,8.571077999999998e-09
25.0,0.0,209.0294579572414,7.14499e-09
25.0,0.0,209.02904279878365,8.600181999999998e-09
25.0,0.0,209.0285981498336,7.552443999999998e-09
25.0,0.0,209.0281995579356,8.876667999999999e-09
25.0,0.0,209.0277756664157,7.872585999999999e-09
25.0,0.0,209.02737322024305,8.309143999999998e-09
25.0,0.0,209.0269382340312,9.516952999999998e-09
25.0,0.0,209.0265225474916,7.217749999999999e-09
25.0,0.0,209.0261225305105,9.153154999999999e-09
25.0,0.0,209.02569502334347,7.785275e-09
25.0,0.0,209.02526405067283,9.065843e-09
25.0,0.0,209.02485819577024,8.556525999999998e-09
25.0,0.0,209.02444517758377,8.425558999999999e-09
25.0,0.0,209.02401043540004,8.876667999999999e-09
25.0,0.0,209.02358651742796,8.600181999999998e-09
25.0,0.0,209.02318757261335,9.502400999999998e-09
25.0,0.0,209.02274759135233,8.105416999999998e-09
25.0,0.0,209.02231666613915,9.124051e-09
25.0,0.0,209.0218972033652,8.527421999999998e-09
25.0,0.0,209.0214779797112,7.901689999999999e-09
25.0,0.0,209.0210926635173,9.764335e-09
25.0,0.0,209.02064439696107,7.639754999999999e-09
25.0,0.0,209.02024570610897,8.527421999999998e-09
25.0,0.0,209.01982218836633,9.007635999999998e-09
25.0,0.0,209.01941556250765,8.541973999999998e-09
25.0,0.0,209.01899037152253,8.876667999999999e-09
25.0,0.0,209.01857677642,7.334164999999999e-09
25.0,0.0,209.0181768178428,9.182258999999999e-09
25.0,0.0,209.01773770595597,7.697962999999999e-09
25.0,0.0,209.0173295513021,8.309143999999998e-09
25.0,0.0,209.0169127170504,8.658389999999999e-09
25.0,0.0,209.0164970649311,8.047208999999998e-09
25.0,0.0,209.01610349785517,8.367350999999999e-09
25.0,0.0,209.01567435057663,8.105416999999998e-09
25.0,0.0,209.015234651158,8.963979999999999e-09
25.0,0.0,209.0148107807984,7.930793999999999e-09
25.0,0.0,209.01440507461763,8.178175999999999e-09
25.0,0.0,209.01397705715647,9.051291e-09
25.0,0.0,209.01356143283095,7.290509999999999e-09
25.0,0.0,209.01313532653495,8.731148999999998e-09
25.0,0.0,209.01271586687935,7.0722309999999996e-09
25.0,0.0,209.0122968170253,8.119968999999998e-09
25.0,0.0,209.01187310386723,9.007635999999998e-09
25.0,0.0,209.01145826203515,7.814377999999998e-09
25.0,0.0,209.01104682788477,8.658389999999999e-09
25.0,0.0,209.01062290986167,7.712514999999999e-09
25.0,0.0,209.01022431679036,8.876667999999999e-09
25.0,0.0,209.00978515578848,7.232301999999999e-09
25.0,0.0,209.00938043653275,8.149072999999999e-09
25.0,0.0,209.00896505572473,8.789357e-09
25.0,0.0,209.00855337034068,8.338246999999998e-09
25.0,0.0,209.0081485465788,8.934875999999999e-09
25.0,0.0,209.00771773600675,7.756171e-09
25.0,0.0,209.007309696754,8.032656999999998e-09
25.0,0.0,209.00688872872752,8.731148999999998e-09
25.0,0.0,209.00647329895847,7.945345999999999e-09
25.0,0.0,209.00604035314328,8.207279999999999e-09
25.0,0.0,209.00563722742393,7.232301999999999e-09
25.0,0.0,209.0052135155304,8.309143999999998e-09
25.0,0.0,209.00481479230552,8.425558999999999e-09
25.0,0.0,209.0043693112489,8.032656999999998e-09
25.0,0.0,209.00395404511195,8.294592e-09
25.0,0.0,209.00353850067185,7.450580999999999e-09
25.0,0.0,209.0031347412164,8.338246999999998e-09
25.0,0.0,209.00270807310963,7.523339999999998e-09
25.0,0.0,209.0022712654225,8.076312999999998e-09
25.0,0.0,209.00182355965384,8.309143999999998e-09
25.0,0.0,209.0014053217528,7.668858999999999e-09
25.0,0.0,209.00101777688548,8.119968999999998e-09
25.0,0.0,209.00059923922888,7.334164999999999e-09
25.0,0.0,209.0001825771511,8.571077999999998e-09
25.0,0.0,208.99976043544484,7.363268999999999e-09
25.0,0.0,208.99933023993853,8.236383999999998e-09
25.0,0.0,208.9989405947483,9.065843e-09
25.0,0.0,208.9985314570206,7.0867829999999995e-09
25.0,0.0,208.9981284664164,8.294592e-09
25.0,0.0,208.99768392591267,8.207279999999999e-09
25.0,0.0,208.99727281029007,8.338246999999998e-09
25.0,0.0,208.99686403101944,7.537891999999998e-09
25.0,0.0,208.99643729766447,7.727066999999999e-09
25.0,0.0,208.9960200897011,8.178175999999999e-09
25.0,0.0,208.99561444258623,7.290509999999999e-09
25.0,0.0,208.99518088066517,7.930793999999999e-09
25.0,0.0,208.99474999865083,8.294592e-09
25.0,0.0,208.99434213307072,7.334164999999999e-09
25.0,0.0,208.99392772524203,8.789357e-09
25.0,0.0,208.99348445474484,7.697962999999999e-09
25.0,0.0,208.99307227684352,8.425558999999999e-09
25.0,0.0,208.99267204903623,7.901689999999999e-09
25.0,0.0,208.99223363379912,8.716596999999998e-09
25.0,0.0,208.9918058704567,7.2031979999999995e-09
25.0,0.0,208.99140800012168,7.3050609999999995e-09
25.0,0.0,208.99099298254296,8.978531999999999e-09
30.0,0.0,209.1408359375,2.075121e-05
30.0,0.0,209.1408359375,-3.631605e-06
30.0,0.0,209.1408359375,-2.640489e-06
30.0,0.0,209.1408359375,-2.02666e-06
30.0,0.0,209.14068864377015,-1.564826e-06
30.0,0.0,209.140498918418,-1.209104e-06
30.0,0.0,209.14026334076277,-9.335636e-07
30.0,0.0,209.1400160949159,-7.212074999999999e-07
30.0,0.0,209.13971785847428,-5.558832000000001e-07
30.0,0.0,209.13935667301052,-4.2899050000000005e-07
30.0,0.0,209.1389735609283,-3.2984830000000003e-07
30.0,0.0,209.13856124167705,-2.534362e-07
30.0,0.0,209.1381556508432,-1.930603e-07
30.0,0.0,209.1377140489732,-1.482549e-07
30.0,0.0,209.13728987588087,-1.1215160000000002e-07
30.0,0.0,209.13688593497244,-8.437199999999998e-08
30.0,0.0,209.13648132995615,-6.353366e-08
30.0,0.0,209.136043101044,-4.514004e-08
30.0,0.0,209.13565549083057,-3.431342e-08
30.0,0.0,209.1352207459106,-2.350134e-08
30.0,0.0,209.13479674943304,-1.574517e-08
30.0,0.0,209.13434921980533,-9.924405999999999e-09
30.0,0.0,209.13393373095363,-4.8312359999999995e-09
30.0,0.0,209.13352539420572,-1.804437e-09
30.0,0.0,209.1331231438972,1.8189889999999998e-09
30.0,0.0,209.13269236373705,2.6484489999999996e-09
30.0,0.0,209.13226185652664,5.3260009999999995e-09
30.0,0.0,209.1318313399648,6.839399999999999e-09
30.0,0.0,209.1314351199811,6.8102959999999995e-09
30.0,0.0,209.1310282617146,8.149072999999999e-09
30.0,0.0,209.1306080115615,8.149072999999999e-09
30.0,0.0,209.13020000176613,8.920323999999999e-09
30.0,0.0,209.12976259648656,8.876667999999999e-09
30.0,0.0,209.12936120867727,9.778887e-09
30.0,0.0,209.12895177785492,1.027365e-08
30.0,0.0,209.12851646023225,8.760253e-09
30.0,0.0,209.12809285573536,1.059379e-08
30.0,0.0,209.12769410265827,1.012813e-08
30.0,0.0,209.12727042482385,1.0302760000000001e-08
30.0,0.0,209.12686846493276,1.012813e-08
30.0,0.0,209.1264478530876,9.764335e-09
30.0,0.0,209.12601758673492,1.060835e-08
30.0,0.0,209.12559900034472,9.371432999999999e-09
30.0,0.0,209.12520172486543,1.0666550000000001e-08
30.0,0.0,209.12476048687736,9.938957999999999e-09
30.0,0.0,209.12432967053536,9.662471999999999e-09
30.0,0.0,209.12392998968093,1.081207e-08
30.0,0.0,209.1235248220773,9.793439e-09
30.0,0.0,209.12310506998088,1.015724e-08
30.0,0.0,209.1226579288724,9.749783e-09
30.0,0.0,209.122233962589,1.006993e-08
30.0,0.0,209.1217936464972,1.001172e-08
30.0,0.0,209.1213918218097,9.400536999999999e-09
30.0,0.0,209.12097680616807,1.0797520000000001e-08
30.0,0.0,209.1205637490594,9.313226e-09
30.0,0.0,209.12015788900624,1.034641e-08
30.0,0.0,209.1197271347152,9.793439e-09
30.0,0.0,209.11931907250312,9.647919999999999e-09
30.0,0.0,209.11890016894833,1.049193e-08
30.0,0.0,209.11851239262128,9.298674e-09
30.0,0.0,209.11809514379576,1.033186e-08
30.0,0.0,209.11767865033812,9.677023999999999e-09
30.0,0.0,209.11724829967287,9.720678999999998e-09
30.0,0.0,209.1168264985401,1.0302760000000001e-08
30.0,0.0,209.1164355830801,9.313226e-09
30.0,0.0,209.1159924793456,1.063745e-08
30.0,0.0,209.11557712633132,8.789357e-09
30.0,0.0,209.1151478709864,1.021544e-08
30.0,0.0,209.11473976408195,9.473296999999999e-09
30.0,0.0,209.11430902579457,9.909853999999999e-09
30.0,0.0,209.11388777562425,1.008448e-08
30.0,0.0,209.11347049104103,8.702044999999999e-09
30.0,0.0,209.11306027628967,1.043372e-08
30.0,0.0,209.11263628862636,9.327778e-09
30.0,0.0,209.1122009219624,9.633367999999999e-09
30.0,0.0,209.11179283873284,9.516952999999998e-09
30.0,0.0,209.1113676355073,9.007635999999998e-09
30.0,0.0,209.1109524426292,1.040462e-08
30.0,0.0,209.1105650354457,8.600181999999998e-09
30.0,0.0,209.1101182876408,9.764335e-09
30.0,0.0,209.1097299652181,9.516952999999998e-09
30.0,0.0,209.10929534724008,9.400536999999999e-09
30.0,0.0,209.10889104445536,9.909853999999999e-09
30.0,0.0,209.1084726669739,8.571077999999998e-09
30.0,0.0,209.10804464463072,1.036096e-08
30.0,0.0,209.10763917848192,8.512869999999998e-09
30.0,0.0,209.10721328199585,9.851647e-09
30.0,0.0,209.10678681901655,9.153154999999999e-09
30.0,0.0,209.10638270987872,9.400536999999999e-09
30.0,0.0,209.10596738241392,9.968061999999999e-09
30.0,0.0,209.10553555959604,8.338246999999998e-09
30.0,0.0,209.1051503353098,1.014268e-08
30.0,0.0,209.10470773756813,9.211361999999998e-09
30.0,0.0,209.10427165149335,9.356880999999999e-09
30.0,0.0,209.103884952249,9.735230999999998e-09
30.0,0.0,209.10344735400295,8.250936e-09
30.0,0.0,209.10303213628433,1.0302760000000001e-08
30.0,0.0,209.10258847289407,9.124051e-09
30.0,0.0,209.102164554922,9.57516e-09
30.0,0.0,209.10176553916833,9.182258999999999e-09
30.0,0.0,209.101318312394,9.240465999999998e-09
30.0,0.0,209.10089862567895,9.444192999999999e-09
30.0,0.0,209.1005110769883,8.963979999999999e-09
30.0,0.0,209.1000935821901,9.182258999999999e-09
30.0,0.0,209.09967713876688,9.298674e-09
30.0,0.0,209.09925443435156,9.065843e-09
30.0,0.0,209.0988474181657,9.677023999999999e-09
30.0,0.0,209.09843331332527,8.119968999999998e-09
30.0,0.0,209.09802488472025,1.027365e-08
30.0,0.0,209.0976226733904,8.934875999999999e-09
30.0,0.0,209.09717727462757,9.022187e-09
30.0,0.0,209.09677830504424,9.327778e-09
30.0,0.0,209.0963546122012,8.512869999999998e-09
30.0,0.0,209.09591342335236,9.415088999999999e-09
30.0,0.0,209.09552609899623,8.876667999999999e-09
30.0,0.0,209.09510618977055,9.618816e-09
30.0,0.0,209.09467560329875,8.629285999999998e-09
30.0,0.0,209.09423570369177,9.735230999999998e-09
30.0,0.0,209.09383657270772,9.051291e-09
30.0,0.0,209.09341239903543,9.153154999999999e-09
30.0,0.0,209.0929774855207,9.706126999999998e-09
30.0,0.0,209.0925642819697,8.178175999999999e-09
30.0,0.0,209.0921581249084,9.371432999999999e-09
30.0,0.0,209.09172765564796,9.036739e-09
30.0,0.0,209.0912999592211,9.007635999999998e-09
30.0,0.0,209.09090033454927,9.720678999999998e-09
30.0,0.0,209.09047012391324,8.294592e-09
30.0,0.0,209.09009447464905,9.429640999999999e-09
30.0,0.0,209.08964763876617,8.993083999999999e-09
30.0,0.0,209.0892487523687,9.458744999999999e-09
30.0,0.0,209.0888250285474,8.454662999999999e-09
30.0,0.0,209.08838055135624,9.356880999999999e-09
30.0,0.0,209.08798697043773,9.211361999999998e-09
30.0,0.0,209.08757759723056,8.672940999999999e-09
30.0,0.0,209.08714836996705,9.764335e-09
30.0,0.0,209.086740402854,8.236383999999998e-09
30.0,0.0,209.0863094511328,9.051291e-09
30.0,0.0,209.08588821210313,8.789357e-09
30.0,0.0,209.08550055648476,8.571077999999998e-09
30.0,0.0,209.08508492989608,9.735230999999998e-09
30.0,0.0,209.08463625741297,8.149072999999999e-09
