Y_dimension(mm),Button,True_depth(m),meas
47.381,0.0,176.0629859375,2.86647e-05
47.381,0.0,176.0629046601287,1.827531e-06
47.381,0.0,176.06279776704542,2.6497e-06
47.381,0.0,176.0626575321435,3.160676e-06
47.381,0.0,176.0624686432515,3.537338e-06
47.381,0.0,176.06224618941,3.806243e-06
47.381,0.0,176.06197155563436,3.843612e-06
47.381,0.0,176.0616864900446,4.095287e-06
47.381,0.0,176.0613396249939,3.804977e-06
47.381,0.0,176.06094261075089,3.495064e-06
47.381,0.0,176.06054529139251,3.913374e-06
47.381,0.0,176.0601163490033,5.162859e-06
47.381,0.0,176.05969066895514,5.342168e-06
47.381,0.0,176.05928953790715,4.429399e-06
47.381,0.0,176.05885182787932,3.736568e-06
47.381,0.0,176.0584421952775,3.594978e-06
47.381,0.0,176.05801381632253,3.871508e-06
47.381,0.0,176.05759264063934,4.91587e-06
47.381,0.0,176.0571626957579,5.756825e-06
47.381,0.0,176.05677092312658,4.825575e-06
47.381,0.0,176.05633510543916,4.189598e-06
47.381,0.0,176.05592499393964,4.273534e-06
47.381,0.0,176.05549827002298,3.76493e-06
47.381,0.0,176.05507125333298,3.920606e-06
47.381,0.0,176.054679498283,4.075177e-06
47.381,0.0,176.0542586274111,3.320063e-06
47.381,0.0,176.05383427685967,2.900633e-06
47.381,0.0,176.0534171335281,3.182286e-06
47.381,0.0,176.0529810326362,3.049136e-06
47.381,0.0,176.05259307539765,3.887049e-06
47.381,0.0,176.05216769994456,3.955618e-06
47.381,0.0,176.0517739033093,3.456575e-06
47.381,0.0,176.05133435282175,3.467459e-06
47.381,0.0,176.05092178996085,3.67561e-06
47.381,0.0,176.0504918881637,3.587556e-06
47.381,0.0,176.0501044518782,4.207992e-06
47.381,0.0,176.0496764471181,3.927198e-06
47.381,0.0,176.04925055603806,3.864174e-06
47.381,0.0,176.04882263291913,4.082336e-06
47.381,0.0,176.0483946562737,4.400194e-06
47.381,0.0,176.04797248270032,5.23543e-06
47.381,0.0,176.0475375933025,5.132635e-06
47.381,0.0,176.04715279372587,4.619767e-06
47.381,0.0,176.04672654567204,4.295347e-06
47.381,0.0,176.04632525465286,4.329137e-06
47.381,0.0,176.04588924503827,5.155496e-06
47.381,0.0,176.0454905398546,6.332615e-06
47.381,0.0,176.0450689633789,5.294714e-06
47.381,0.0,176.0446439457722,5.17584e-06
47.381,0.0,176.04425384608575,5.231283e-06
47.381,0.0,176.04381556277878,5.69252e-06
47.381,0.0,176.04341353084973,6.96686e-06
47.381,0.0,176.04297840517535,7.156646e-06
47.381,0.0,176.04255051270445,6.97012e-06
47.381,0.0,176.0421499363636,7.076436e-06
47.381,0.0,176.0417534871102,6.642673e-06
47.381,0.0,176.04131438553384,6.549017e-06
47.381,0.0,176.0409134291721,7.197465e-06
47.381,0.0,176.04047620087826,7.101582e-06
47.381,0.0,176.04004799364563,7.155701e-06
47.381,0.0,176.03963381570176,7.184019e-06
47.381,0.0,176.03924728429038,6.742412e-06
47.381,0.0,176.0388072496999,7.02322e-06
47.381,0.0,176.03837289917556,6.860864e-06
47.381,0.0,176.03797850013842,6.973321e-06
47.381,0.0,176.0375443831318,7.059032e-06
47.381,0.0,176.03713259295017,6.682007e-06
47.381,0.0,176.03670669139314,6.546645e-06
47.381,0.0,176.0362767123462,6.079761e-06
47.381,0.0,176.03584191329773,5.945069e-06
47.381,0.0,176.03544495615554,5.615861e-06
47.381,0.0,176.03500724561886,4.386704e-06
47.381,0.0,176.0346021846151,4.947578e-06
47.381,0.0,176.0342156522409,5.170674e-06
47.381,0.0,176.03378103144655,5.246839e-06
47.381,0.0,176.03337952941646,4.52582e-06
47.381,0.0,176.03294667065074,3.741254e-06
47.381,0.0,176.0325109003504,4.138448e-06
47.381,0.0,176.03213157011717,4.643662e-06
47.381,0.0,176.0317149208616,5.196925e-06
47.381,0.0,176.03128234129107,4.930829e-06
47.381,0.0,176.03086419268524,3.253183e-06
47.381,0.0,176.03044777610867,2.670262e-06
47.381,0.0,176.0300121757745,2.125176e-06
47.381,0.0,176.029613380841,1.524939e-06
47.381,0.0,176.02920704542188,1.299733e-06
47.381,0.0,176.02875868083453,1.061737e-06
47.381,0.0,176.02833576992904,1.467211e-06
47.381,0.0,176.02793493595885,1.63533e-06
47.381,0.0,176.02750448101204,1.751803e-06
47.381,0.0,176.02708097091963,1.444452e-06
47.381,0.0,176.02667328563516,1.005523e-06
47.381,0.0,176.02627672604095,9.027572e-07
47.381,0.0,176.02583827026768,1.047403e-06
47.381,0.0,176.02540870154485,1.428882e-06
47.381,0.0,176.02501022808212,2.130764e-06
47.381,0.0,176.02459108498928,2.37755e-06
47.381,0.0,176.02417716741158,3.250752e-06
47.381,0.0,176.02377846440186,3.474634e-06
47.381,0.0,176.02334271689506,3.597743e-06
47.381,0.0,176.02290750607622,3.234803e-06
47.381,0.0,176.02250695254094,2.293862e-06
47.381,0.0,176.0220850101522,2.590561e-06
47.381,0.0,176.02166923425847,2.636458e-06
47.381,0.0,176.02127368999518,2.866931e-06
47.381,0.0,176.0208408443149,2.508736e-06
47.381,0.0,176.02041063695535,2.087443e-06
47.381,0.0,176.01999927535726,2.300047e-06
47.381,0.0,176.01957678755264,2.111541e-06
47.381,0.0,176.0191651875917,2.344794e-06
47.381,0.0,176.0187662749112,2.435641e-06
47.381,0.0,176.01833028740583,2.714354e-06
47.381,0.0,176.0178960553225,2.672256e-06
47.381,0.0,176.017460005671,2.633882e-06
47.381,0.0,176.01702827338943,2.584784e-06
47.381,0.0,176.0166527655035,2.745903e-06
47.381,0.0,176.0162306450422,3.426016e-06
47.381,0.0,176.01579624447672,3.752299e-06
47.381,0.0,176.01535980716545,4.130794e-06
47.381,0.0,176.0149586580205,4.061716e-06
47.381,0.0,176.01453173858346,4.100497e-06
47.381,0.0,176.0141575523458,4.41345e-06
47.381,0.0,176.01373682068214,4.665257e-06
47.381,0.0,176.01330024818157,4.831687e-06
47.381,0.0,176.01287310494467,4.872563e-06
47.381,0.0,176.01246804368847,4.81552e-06
47.381,0.0,176.01204004521756,5.002876e-06
47.381,0.0,176.01162644910326,4.246365e-06
47.381,0.0,176.011236483139,4.411631e-06
47.381,0.0,176.0107968408232,4.307571e-06
47.381,0.0,176.01038636077934,4.163667e-06
47.381,0.0,176.00995828630013,5.089954e-06
47.381,0.0,176.00955616297574,5.472029e-06
47.381,0.0,176.00914061152793,5.756199e-06
47.381,0.0,176.0087177055064,5.824622e-06
47.381,0.0,176.00828383741347,5.820984e-06
47.381,0.0,176.00784678336296,4.958754e-06
47.381,0.0,176.00745219353016,5.173264e-06
47.381,0.0,176.00702577471296,5.278445e-06
47.381,0.0,176.0065999541145,5.309252e-06
47.381,0.0,176.00622722543594,5.307578e-06
47.381,0.0,176.00579035319123,4.419519e-06
47.381,0.0,176.00535337481924,4.698319e-06
47.381,0.0,176.0049394308321,4.767513e-06
47.381,0.0,176.00452655555182,5.078837e-06
47.381,0.0,176.0041195894099,5.480382e-06
47.381,0.0,176.00372596235766,5.125286e-06
47.381,0.0,176.00329192303346,5.157257e-06
47.381,0.0,176.0028569076722,5.23933e-06
47.381,0.0,176.00246282095588,5.640904e-06
47.381,0.0,176.00203117702364,5.268463e-06
47.381,0.0,176.00160641472468,5.705704e-06
47.381,0.0,176.0011933980271,5.425332e-06
47.381,0.0,176.00079406743774,5.52494e-06
47.381,0.0,176.0003662971317,5.315494e-06
47.381,0.0,175.99992497675552,5.338472e-06
47.381,0.0,175.99949651809925,5.74674e-06
47.381,0.0,175.99909719271773,5.757451e-06
47.381,0.0,175.998694606875,5.948561e-06
47.381,0.0,175.99826134758632,5.692171e-06
47.381,0.0,175.997822862209,5.585942e-06
47.381,0.0,175.9974223653164,5.923182e-06
47.381,0.0,175.996976622151,6.181595e-06
47.381,0.0,175.9965439709334,6.441362e-06
47.381,0.0,175.99615273450058,5.498878e-06
47.381,0.0,175.99574438396522,5.501046e-06
47.381,0.0,175.99530145326509,5.568145e-06
47.381,0.0,175.99488924467082,5.740978e-06
47.381,0.0,175.99448036612628,5.712427e-06
47.381,0.0,175.9940762303557,5.474125e-06
47.381,0.0,175.99364506764698,5.777212e-06
47.381,0.0,175.99324450036244,5.759561e-06
47.381,0.0,175.99283360543905,6.094328e-06
47.381,0.0,175.9923927308313,5.287788e-06
47.381,0.0,175.99198280796068,5.034308e-06
47.381,0.0,175.991586264299,5.069131e-06
47.381,0.0,175.99114949321066,5.287788e-06
47.381,0.0,175.99074781413177,5.29e-06
47.381,0.0,175.99033626723843,4.872185e-06
47.381,0.0,175.9898935402257,5.191177e-06
47.381,0.0,175.98948491250425,5.820693e-06
47.381,0.0,175.98905634675222,5.989816e-06
47.381,0.0,175.98865571624648,5.475638e-06
47.381,0.0,175.9882199304056,6.108443e-06
47.381,0.0,175.98778961779922,6.043963e-06
47.381,0.0,175.98739551039355,6.196293e-06
47.381,0.0,175.98694547556178,6.380957e-06
47.381,0.0,175.98652594810525,6.509988e-06
47.381,0.0,175.9861453217112,7.878392e-06
47.381,0.0,175.98570974300307,7.198396e-06
47.381,0.0,175.985297851135,7.091658e-06
47.381,0.0,175.98488378351237,6.860006e-06
47.381,0.0,175.98447092620003,7.280512e-06
47.381,0.0,175.98406979745104,8.871823e-06
47.381,0.0,175.9836317946009,8.326708e-06
47.381,0.0,175.98323481842488,9.123833e-06
47.381,0.0,175.98280070111252,8.314601e-06
47.381,0.0,175.98238227037027,8.525371e-06
47.381,0.0,175.98197034283191,8.908726e-06
47.381,0.0,175.9815387867545,8.420524e-06
47.381,0.0,175.98113891488865,8.312869e-06
47.381,0.0,175.9807392237887,8.916264e-06
47.381,0.0,175.98029830465595,9.933952e-06
47.381,0.0,175.97986963667458,8.032919e-06
47.381,0.0,175.9794411673732,8.578412e-06
47.381,0.0,175.97903607857248,8.280942e-06
47.381,0.0,175.97862542174917,8.579751e-06
47.381,0.0,175.97820613792314,8.678806e-06
47.381,0.0,175.9777768570854,7.667899e-06
47.381,0.0,175.97734360896533,8.083574e-06
47.381,0.0,175.97692001856217,7.243216e-06
47.381,0.0,175.97649942207406,7.257535e-06
47.381,0.0,175.976079730565,7.834489e-06
47.381,0.0,175.97566028386967,7.087627e-06
47.381,0.0,175.97525090004254,8.310264e-06
47.381,0.0,175.97484113396428,7.753566e-06
47.381,0.0,175.9744306584567,7.637296e-06
47.381,0.0,175.9739866300542,8.143295e-06
47.381,0.0,175.97358930383606,6.759044e-06
47.381,0.0,175.9731927662996,7.388036e-06
47.381,0.0,175.9727553893814,7.165669e-06
47.381,0.0,175.97234302419528,7.031558e-06
47.381,0.0,175.97193088793188,7.394352e-06
47.381,0.0,175.9715240619016,5.738839e-06
47.381,0.0,175.97109229588202,5.931535e-06
47.381,0.0,175.97069468534198,5.500886e-06
47.381,0.0,175.97025840911166,4.67815e-06
47.381,0.0,175.96984788488479,5.611699e-06
47.381,0.0,175.96942696304106,4.973277e-06
47.381,0.0,175.9689935636377,4.419926e-06
47.381,0.0,175.96859470611722,5.175709e-06
47.381,0.0,175.96816669800103,4.665228e-06
47.381,0.0,175.96773123833677,5.483336e-06
47.381,0.0,175.96732552747397,5.309543e-06
47.381,0.0,175.96690353553745,4.714166e-06
47.381,0.0,175.9664697837334,5.555936e-06
47.381,0.0,175.96606793516543,5.077221e-06
47.381,0.0,175.96566918757173,5.647482e-06
47.381,0.0,175.96523259052177,5.846639e-06
47.381,0.0,175.9648210609072,5.115915e-06
47.381,0.0,175.96440829043715,5.374633e-06
47.381,0.0,175.96399792222962,4.749774e-06
47.381,0.0,175.9635632336335,4.034999e-06
47.381,0.0,175.9631700162857,4.420275e-06
47.381,0.0,175.96273497201216,4.278525e-06
47.381,0.0,175.96232447554223,3.041263e-06
47.381,0.0,175.96191212449983,3.093024e-06
47.381,0.0,175.96146545044797,3.215857e-06
47.381,0.0,175.9610641666166,2.994988e-06
47.381,0.0,175.96066459954358,3.044523e-06
47.381,0.0,175.96026034779086,2.445391e-06
47.381,0.0,175.95981472342064,1.513385e-06
47.381,0.0,175.9594016080683,1.701454e-06
47.381,0.0,175.95895538122147,1.680106e-06
47.381,0.0,175.95855061083188,2.083543e-06
47.381,0.0,175.95811464697218,2.985922e-06
47.381,0.0,175.9577160379595,3.000066e-06
47.381,0.0,175.95728065717338,3.291192e-06
47.381,0.0,175.95685599509483,3.862893e-06
47.381,0.0,175.95644535405404,3.586378e-06
47.381,0.0,175.95600796547566,4.019021e-06
47.381,0.0,175.95561267613172,3.601526e-06
47.381,0.0,175.9552094456487,3.140231e-06
47.381,0.0,175.95476975884108,3.638634e-06
47.381,0.0,175.9543563394196,3.641064e-06
47.381,0.0,175.95394724627124,4.365429e-06
47.381,0.0,175.95354058870782,4.273723e-06
47.381,0.0,175.95310489516083,3.596782e-06
47.381,0.0,175.95270661848397,4.09568e-06
47.381,0.0,175.95229804120032,4.599031e-06
47.381,0.0,175.95185203511545,3.75096e-06
47.381,0.0,175.95142660739575,3.760506e-06
47.381,0.0,175.95103791232154,4.420028e-06
47.381,0.0,175.9506234496787,4.523637e-06
47.381,0.0,175.9502087643236,4.315181e-06
47.381,0.0,175.94980074821015,4.707996e-06
47.381,0.0,175.94935806226908,4.828849e-06
47.381,0.0,175.94894129721555,4.199537e-06
47.381,0.0,175.9485035480905,4.172398e-06
47.381,0.0,175.94810328273482,4.492031e-06
47.381,0.0,175.94766574788233,4.316418e-06
47.381,0.0,175.94726209705343,4.802641e-06
47.381,0.0,175.94683249539574,4.531568e-06
47.381,0.0,175.94640756335667,4.004309e-06
47.381,0.0,175.9459989759905,4.266476e-06
47.381,0.0,175.94560095828444,4.060712e-06
47.381,0.0,175.9451662886289,4.263769e-06
47.381,0.0,175.94476272978284,5.296446e-06
47.381,0.0,175.9443517157463,5.013164e-06
47.381,0.0,175.9439337371475,4.853049e-06
47.381,0.0,175.9434992525803,5.105117e-06
47.381,0.0,175.9431007295608,4.999849e-06
47.381,0.0,175.94269543472518,4.98796e-06
47.381,0.0,175.9422616439475,5.963084e-06
47.381,0.0,175.94183359820863,5.247493e-06
47.381,0.0,175.9414363491395,4.521469e-06
47.381,0.0,175.941001368927,4.953195e-06
47.381,0.0,175.94060248867646,5.369278e-06
47.381,0.0,175.94017100058943,4.669506e-06
47.381,0.0,175.93973451454914,4.899513e-06
47.381,0.0,175.93932419217944,5.26775e-06
47.381,0.0,175.93891363873013,4.796166e-06
47.381,0.0,175.9385039942843,4.500325e-06
47.381,0.0,175.93807329424237,4.562142e-06
47.381,0.0,175.93764062855857,4.600588e-06
47.381,0.0,175.9372416970728,4.762536e-06
47.381,0.0,175.93679639727372,4.831149e-06
47.381,0.0,175.93638248128283,4.628921e-06
47.381,0.0,175.935964621779,4.922869e-06
47.381,0.0,175.93552980301374,4.73189e-06
47.381,0.0,175.9351314563325,4.193746e-06
47.381,0.0,175.93473071966227,4.92754e-06
47.381,0.0,175.93429297770857,4.792193e-06
47.381,0.0,175.93387308613723,4.597096e-06
47.381,0.0,175.93346179923392,3.921421e-06
47.381,0.0,175.93303187921714,4.348025e-06
47.381,0.0,175.9326315620582,4.204907e-06
47.381,0.0,175.93223303920686,3.922774e-06
47.381,0.0,175.93179899450422,3.509907e-06
59.381,0.0,176.0629859375,2.943948e-05
59.381,0.0,176.06290470565588,6.513728e-07
59.381,0.0,176.06279785486365,8.07122e-07
59.381,0.0,176.06265873515133,1.01258e-06
59.381,0.0,176.06247226907598,1.242763e-06
59.381,0.0,176.06224015578533,1.442706e-06
59.381,0.0,176.0619642553092,1.540175e-06
59.381,0.0,176.06166984261355,1.268156e-06
59.381,0.0,176.061339750145,1.770386e-06
59.381,0.0,176.06094155214444,1.526714e-06
59.381,0.0,176.06052847178148,1.32827e-06
59.381,0.0,176.06012410302287,1.509921e-06
59.381,0.0,176.0597175648873,1.815104e-06
59.381,0.0,176.0592749067485,1.7204e-06
59.381,0.0,176.0588594896117,1.084787e-06
59.381,0.0,176.0584424550665,1.342953e-06
59.381,0.0,176.05803299703192,1.574183e-06
59.381,0.0,176.0575934580653,1.699256e-06
59.381,0.0,176.05719236065363,2.027082e-06
59.381,0.0,176.05675595816842,1.470864e-06
59.381,0.0,176.0563417829396,1.286622e-06
59.381,0.0,176.05592916056227,1.60886e-06
59.381,0.0,176.05548426106037,1.426582e-06
59.381,0.0,176.0550829218889,1.610635e-06
59.381,0.0,176.05468580178479,1.775392e-06
59.381,0.0,176.0542824036356,1.295324e-06
59.381,0.0,176.05383584838248,1.272172e-06
59.381,0.0,176.053417296654,1.268214e-06
59.381,0.0,176.05300979517716,1.171487e-06
59.381,0.0,176.05258765005192,1.559194e-06
59.381,0.0,176.05217320718015,1.417546e-06
59.381,0.0,176.0517723756515,1.161941e-06
59.381,0.0,176.05135947144862,1.390552e-06
59.381,0.0,176.05091389391475,1.245731e-06
59.381,0.0,176.05050369002706,1.251334e-06
59.381,0.0,176.0501038865825,1.606488e-06
59.381,0.0,176.04967083201643,1.439097e-06
59.381,0.0,176.04927065518004,1.484645e-06
59.381,0.0,176.04883831642738,1.643828e-06
59.381,0.0,176.0484022964035,1.466411e-06
59.381,0.0,176.04796878168113,1.885914e-06
59.381,0.0,176.04756613809982,1.859022e-06
59.381,0.0,176.0471668236225,1.538909e-06
59.381,0.0,176.04673192782602,1.920416e-06
59.381,0.0,176.04631943832962,1.744207e-06
59.381,0.0,176.04590572440472,1.771521e-06
59.381,0.0,176.04549423983946,2.782472e-06
59.381,0.0,176.04505698119223,2.284316e-06
59.381,0.0,176.04465831347062,2.135435e-06
59.381,0.0,176.04425405905164,2.690445e-06
59.381,0.0,176.04384233914666,2.180837e-06
59.381,0.0,176.04339646936066,2.551475e-06
59.381,0.0,176.042983114525,2.853703e-06
59.381,0.0,176.04258164428916,2.739573e-06
59.381,0.0,176.04213572059072,3.622961e-06
59.381,0.0,176.0417432112975,2.956294e-06
59.381,0.0,176.04132668129944,3.765352e-06
59.381,0.0,176.04088844487202,4.11502e-06
59.381,0.0,176.04047623042382,4.062531e-06
59.381,0.0,176.04004518327469,4.98358e-06
59.381,0.0,176.0396369026241,4.571237e-06
59.381,0.0,176.03923830873939,4.528338e-06
59.381,0.0,176.03882613675867,5.252587e-06
59.381,0.0,176.03838119354523,4.05575e-06
59.381,0.0,176.03796463438854,4.382193e-06
59.381,0.0,176.03752744657672,4.557267e-06
59.381,0.0,176.03710431329085,5.115347e-06
59.381,0.0,176.0366936227889,5.743859e-06
59.381,0.0,176.03628965033286,4.520101e-06
59.381,0.0,176.0358439881315,6.396411e-06
59.381,0.0,176.03542947586365,4.884874e-06
59.381,0.0,176.0350208413256,4.269677e-06
59.381,0.0,176.03461853900313,4.692294e-06
59.381,0.0,176.03421230195215,3.867535e-06
59.381,0.0,176.03377100991167,5.285241e-06
59.381,0.0,176.03335818400458,4.901332e-06
59.381,0.0,176.03293292201573,2.158296e-06
59.381,0.0,176.03250708613285,1.946129e-06
59.381,0.0,176.03210599280808,1.177716e-06
59.381,0.0,176.03170556406516,1.11555e-06
59.381,0.0,176.03129773636536,1.056876e-06
59.381,0.0,176.0308707639665,9.764772e-07
59.381,0.0,176.0304412675785,1.074513e-06
59.381,0.0,176.03003852086212,1.179185e-06
59.381,0.0,176.02960469777875,1.137567e-06
59.381,0.0,176.02920543904472,1.036882e-06
59.381,0.0,176.0287676935742,1.04733e-06
59.381,0.0,176.02834753571435,1.507258e-06
59.381,0.0,176.02792285606364,2.321758e-06
59.381,0.0,176.02748684418992,3.909168e-06
59.381,0.0,176.02708785875603,5.354552e-06
59.381,0.0,176.0266840224973,5.081834e-06
59.381,0.0,176.0262486300478,5.967348e-06
59.381,0.0,176.02583551970952,6.339324e-06
59.381,0.0,176.0254230708591,7.343289e-06
59.381,0.0,176.02501485125237,6.779868e-06
59.381,0.0,176.0245772095989,5.952228e-06
59.381,0.0,176.02417908416916,6.881295e-06
59.381,0.0,176.02377286265153,7.064809e-06
59.381,0.0,176.02335867666974,7.983384e-06
59.381,0.0,176.02291316250975,6.878443e-06
59.381,0.0,176.02250818194395,6.176691e-06
59.381,0.0,176.02208986972934,7.178533e-06
59.381,0.0,176.02167571008994,7.13444e-06
59.381,0.0,176.02127087974839,8.077564e-06
59.381,0.0,176.02083921941838,6.607603e-06
59.381,0.0,176.02041222913877,6.255184e-06
59.381,0.0,176.01998295982696,6.574512e-06
59.381,0.0,176.01956585557113,6.160364e-06
59.381,0.0,176.0191658091425,6.538161e-06
59.381,0.0,176.01876298272762,4.844202e-06
59.381,0.0,176.01833137835823,5.134236e-06
59.381,0.0,176.01789502589554,4.999572e-06
59.381,0.0,176.01746086111797,6.313101e-06
59.381,0.0,176.01705819887349,5.312686e-06
59.381,0.0,176.01661986182134,4.377594e-06
59.381,0.0,176.0162221989203,4.885966e-06
59.381,0.0,176.0158104329287,3.501336e-06
59.381,0.0,176.0153635513441,4.565984e-06
59.381,0.0,176.01495045322073,4.034664e-06
59.381,0.0,176.01454583487913,3.987589e-06
59.381,0.0,176.0141367069928,4.657006e-06
59.381,0.0,176.0137082050405,3.882189e-06
59.381,0.0,176.01329721481218,4.879548e-06
59.381,0.0,176.01288271403706,3.771289e-06
59.381,0.0,176.01246996481675,3.566296e-06
59.381,0.0,176.01203166448937,3.945446e-06
59.381,0.0,176.01163441059975,3.241716e-06
59.381,0.0,176.01123510867285,4.014204e-06
59.381,0.0,176.01082025064628,3.534107e-06
59.381,0.0,176.0103984653938,4.144327e-06
59.381,0.0,176.00996862296316,3.668771e-06
59.381,0.0,176.00956634423846,3.134075e-06
59.381,0.0,176.00911896365125,4.10527e-06
59.381,0.0,176.00872930960517,3.604859e-06
59.381,0.0,176.00828546566737,3.973779e-06
59.381,0.0,176.00787247413217,3.257897e-06
59.381,0.0,176.00745434475286,3.676003e-06
59.381,0.0,176.00701752087403,3.804336e-06
59.381,0.0,176.00662098858487,4.172951e-06
59.381,0.0,176.00622044923216,3.561028e-06
59.381,0.0,176.00577765359176,3.095964e-06
59.381,0.0,176.00536585914574,3.784851e-06
59.381,0.0,176.00494901695467,3.526977e-06
59.381,0.0,176.00451332768586,4.069036e-06
59.381,0.0,176.00411319360043,2.771048e-06
59.381,0.0,176.0037144385117,2.648638e-06
59.381,0.0,176.00330097182604,3.551235e-06
59.381,0.0,176.00285789452167,3.948575e-06
59.381,0.0,176.0024472345585,3.704175e-06
59.381,0.0,176.0020384219619,3.065798e-06
59.381,0.0,176.0016168934801,3.83005e-06
59.381,0.0,176.00119644024747,4.353351e-06
59.381,0.0,176.00078825802754,4.933754e-06
59.381,0.0,176.00035603141433,3.874375e-06
59.381,0.0,175.99992681456973,4.481262e-06
59.381,0.0,175.99951940142253,4.341695e-06
59.381,0.0,175.9990991774197,5.039794e-06
59.381,0.0,175.99868105776596,5.123598e-06
59.381,0.0,175.99824704446837,4.316273e-06
59.381,0.0,175.99783531139863,4.996589e-06
59.381,0.0,175.99741364492064,4.844944e-06
59.381,0.0,175.99697955532056,5.285168e-06
59.381,0.0,175.9965807729808,4.703325e-06
59.381,0.0,175.99614427876142,4.386879e-06
59.381,0.0,175.99574644365228,5.191381e-06
59.381,0.0,175.9953105823863,5.227033e-06
59.381,0.0,175.9948879872178,5.932088e-06
59.381,0.0,175.9944765363257,4.596252e-06
59.381,0.0,175.99407690878044,5.420996e-06
59.381,0.0,175.9936394193901,5.361697e-06
59.381,0.0,175.99324046333973,5.885478e-06
59.381,0.0,175.99282660248736,5.558584e-06
59.381,0.0,175.99241398196023,5.6399e-06
59.381,0.0,175.99196908084238,5.779963e-06
59.381,0.0,175.99156812217038,6.064176e-06
59.381,0.0,175.9911698186536,6.691611e-06
59.381,0.0,175.9907663186242,6.432077e-06
59.381,0.0,175.99032115175777,7.214985e-06
59.381,0.0,175.98990432196402,6.97514e-06
59.381,0.0,175.98949736979034,7.552851e-06
59.381,0.0,175.98905971962517,7.114242e-06
59.381,0.0,175.9886590834893,8.262679e-06
59.381,0.0,175.9882196467701,7.881405e-06
59.381,0.0,175.98780835013332,8.511139e-06
59.381,0.0,175.98738211786895,8.444447e-06
59.381,0.0,175.98694289841623,8.056086e-06
59.381,0.0,175.98654698047505,9.203868e-06
59.381,0.0,175.9861467428547,8.996154e-06
59.381,0.0,175.9857472441185,9.231007e-06
59.381,0.0,175.98530243029938,9.302516e-06
59.381,0.0,175.9848816869464,9.463882e-06
59.381,0.0,175.98447510595057,1.076936e-05
59.381,0.0,175.98404163264715,1.075368e-05
59.381,0.0,175.98363181223155,1.120121e-05
59.381,0.0,175.98323128241435,1.012308e-05
59.381,0.0,175.98281990235756,1.066462e-05
59.381,0.0,175.98237401646458,1.04447e-05
59.381,0.0,175.9819605710822,9.84261e-06
59.381,0.0,175.98155759217232,1.070951e-05
59.381,0.0,175.98114480243373,9.46442e-06
59.381,0.0,175.98071983654972,1.043359e-05
59.381,0.0,175.98030723233083,1.065349e-05
59.381,0.0,175.97988229183292,9.216339e-06
59.381,0.0,175.9794551041853,9.961106e-06
59.381,0.0,175.9790202729727,9.012481e-06
59.381,0.0,175.97861582638114,1.008765e-05
59.381,0.0,175.97821515643633,1.003062e-05
59.381,0.0,175.97777684387535,8.598494e-06
59.381,0.0,175.97735906228613,1.001386e-05
59.381,0.0,175.97691230016346,9.153882e-06
59.381,0.0,175.97650175550373,1.056016e-05
59.381,0.0,175.97610156064204,9.53165e-06
59.381,0.0,175.97566155367102,8.93473e-06
59.381,0.0,175.97525575206657,9.789714e-06
59.381,0.0,175.97484256814963,9.245545e-06
59.381,0.0,175.9744318258222,1.02769e-05
59.381,0.0,175.9739850151043,1.034052e-05
59.381,0.0,175.97358849726547,8.636358e-06
59.381,0.0,175.9731909160469,9.742726e-06
59.381,0.0,175.97275327452348,8.112722e-06
59.381,0.0,175.972339061437,7.345167e-06
59.381,0.0,175.97192714492394,8.131639e-06
59.381,0.0,175.97152411571997,7.060095e-06
59.381,0.0,175.97108744389777,7.822062e-06
59.381,0.0,175.9706886975894,7.798692e-06
59.381,0.0,175.97025088106918,7.694514e-06
59.381,0.0,175.96985217416162,7.681709e-06
59.381,0.0,175.96942306628216,6.845585e-06
59.381,0.0,175.96899858771485,7.693365e-06
59.381,0.0,175.96858183385942,7.729439e-06
59.381,0.0,175.9681417526979,6.806426e-06
59.381,0.0,175.96773943761335,7.90655e-06
59.381,0.0,175.9673288482902,7.462921e-06
59.381,0.0,175.96690472248181,6.873539e-06
59.381,0.0,175.96647035365558,7.456198e-06
59.381,0.0,175.96606786129087,6.701375e-06
59.381,0.0,175.96566858129594,6.838745e-06
59.381,0.0,175.9652633330821,6.347575e-06
59.381,0.0,175.96480556958326,4.994115e-06
59.381,0.0,175.9644054387216,5.438895e-06
59.381,0.0,175.96399327552163,5.019436e-06
59.381,0.0,175.9635589786262,3.564433e-06
59.381,0.0,175.96315931759676,3.566543e-06
59.381,0.0,175.96275616127514,3.416761e-06
59.381,0.0,175.96231939909507,2.735964e-06
59.381,0.0,175.96189604326997,3.82484e-06
59.381,0.0,175.96148632762865,3.74025e-06
59.381,0.0,175.96106205896166,2.944318e-06
59.381,0.0,175.9606512581229,3.304463e-06
59.381,0.0,175.96024841634562,3.613633e-06
59.381,0.0,175.95981211342902,3.697787e-06
59.381,0.0,175.95938739586242,5.112219e-06
59.381,0.0,175.95897490090843,5.607435e-06
59.381,0.0,175.95854502569972,5.973852e-06
59.381,0.0,175.95813826152929,6.898787e-06
59.381,0.0,175.9577020316294,6.41981e-06
59.381,0.0,175.95729266240193,6.988586e-06
59.381,0.0,175.9568677944271,7.2853e-06
59.381,0.0,175.9564386551304,6.982009e-06
59.381,0.0,175.95603239008616,7.212453e-06
59.381,0.0,175.9555962754525,6.887596e-06
59.381,0.0,175.95519711571472,6.036295e-06
59.381,0.0,175.95478957571092,6.294445e-06
59.381,0.0,175.95435951363527,5.729657e-06
59.381,0.0,175.95391823056264,6.745584e-06
59.381,0.0,175.95352311260606,7.433802e-06
59.381,0.0,175.953106745006,6.096889e-06
59.381,0.0,175.95268795111636,6.545524e-06
59.381,0.0,175.9522824767563,7.332608e-06
59.381,0.0,175.9518692993892,7.083116e-06
59.381,0.0,175.95145555978843,6.561211e-06
59.381,0.0,175.95101949046048,8.02525e-06
59.381,0.0,175.95061670039138,8.244184e-06
59.381,0.0,175.95021808027482,6.856746e-06
59.381,0.0,175.94977964808749,7.619979e-06
59.381,0.0,175.94935993746313,7.650407e-06
59.381,0.0,175.94894236961096,5.928756e-06
59.381,0.0,175.9485065675131,5.862763e-06
59.381,0.0,175.94810704923842,6.575792e-06
59.381,0.0,175.94767099843287,6.08791e-06
59.381,0.0,175.94726658213,7.176961e-06
59.381,0.0,175.94684388852556,6.894363e-06
59.381,0.0,175.94640794549932,5.916081e-06
59.381,0.0,175.94599661967132,6.470204e-06
59.381,0.0,175.94560706962227,6.166083e-06
59.381,0.0,175.94517209936066,6.106595e-06
59.381,0.0,175.9447633582731,6.720511e-06
59.381,0.0,175.9443495445763,6.682618e-06
59.381,0.0,175.9439336795156,6.278366e-06
59.381,0.0,175.94351996139497,6.920178e-06
59.381,0.0,175.9431008290747,6.601214e-06
59.381,0.0,175.9426845615912,6.303482e-06
59.381,0.0,175.9422804910855,6.843838e-06
59.381,0.0,175.9418334525375,6.371294e-06
59.381,0.0,175.94142301325624,5.590351e-06
59.381,0.0,175.94099817959335,5.925307e-06
59.381,0.0,175.94057503995526,5.973372e-06
59.381,0.0,175.94016036379855,5.848458e-06
59.381,0.0,175.9397365486256,6.407732e-06
59.381,0.0,175.93932254484653,6.215283e-06
59.381,0.0,175.93890748227892,5.229871e-06
59.381,0.0,175.93849465381055,5.220005e-06
59.381,0.0,175.93805343317317,5.601789e-06
59.381,0.0,175.93764448442914,4.477042e-06
59.381,0.0,175.93721458483282,4.596994e-06
59.381,0.0,175.93680473471963,4.473259e-06
59.381,0.0,175.93639184840134,4.575792e-06
59.381,0.0,175.93594538915335,5.025722e-06
59.381,0.0,175.93553951576226,4.269677e-06
59.381,0.0,175.9351381938188,4.320871e-06
59.381,0.0,175.9347352677707,5.5032e-06
59.381,0.0,175.93432149964178,5.911235e-06
59.381,0.0,175.93387622981652,4.455738e-06
59.381,0.0,175.93346458817123,3.55969e-06
59.381,0.0,175.93306154338435,4.723537e-06
59.381,0.0,175.93266053271026,5.334266e-06
59.381,0.0,175.93222687235485,4.33829e-06
59.381,0.0,175.93180793027992,2.843852e-06
71.381,0.0,176.0629859375,2.920342e-05
71.381,0.0,176.06291166086044,5.598122e-07
71.381,0.0,176.06280302138694,7.123599e-07
71.381,0.0,176.06266602052463,8.574862e-07
71.381,0.0,176.06248229865497,1.012857e-06
71.381,0.0,176.06224578128314,1.156252e-06
71.381,0.0,176.0619701614876,1.19154e-06
71.381,0.0,176.06168338720576,6.409828e-07
71.381,0.0,176.06134577158997,8.341594e-07
71.381,0.0,176.06095956331117,9.673531e-07
71.381,0.0,176.06052316776012,9.483338e-07
71.381,0.0,176.06014028456414,1.028675e-06
71.381,0.0,176.0597086410356,1.192268e-06
71.381,0.0,176.0592696452541,1.419961e-06
71.381,0.0,176.0588716101261,1.202789e-06
71.381,0.0,176.0584300729197,1.269975e-06
71.381,0.0,176.05798430536163,1.507404e-06
71.381,0.0,176.0575970832538,1.580265e-06
71.381,0.0,176.05718987058125,2.270346e-06
71.381,0.0,176.05675435124806,2.387824e-06
71.381,0.0,176.05635153733328,1.32744e-06
71.381,0.0,176.05590253352247,1.339024e-06
71.381,0.0,176.0555020729403,1.336783e-06
71.381,0.0,176.05507437902875,1.327775e-06
71.381,0.0,176.05468546903222,1.524357e-06
71.381,0.0,176.05423772921492,1.150373e-06
71.381,0.0,176.05385536772977,9.580835e-07
71.381,0.0,176.05340853744417,1.039167e-06
71.381,0.0,176.05300812172146,1.150169e-06
71.381,0.0,176.05258127539395,1.682958e-06
71.381,0.0,176.05219934704346,1.706649e-06
71.381,0.0,176.05176342649577,1.143009e-06
71.381,0.0,176.05136007658024,1.223627e-06
71.381,0.0,176.05092167491287,1.298773e-06
71.381,0.0,176.05052020877832,1.727458e-06
71.381,0.0,176.05009901837238,2.516244e-06
71.381,0.0,176.04967510449032,1.847759e-06
71.381,0.0,176.04927928492626,1.598528e-06
71.381,0.0,176.04884399105612,1.606444e-06
71.381,0.0,176.04840586349627,1.407519e-06
71.381,0.0,176.0479683423685,1.828987e-06
71.381,0.0,176.04757538366079,2.340254e-06
71.381,0.0,176.04713909738848,2.549888e-06
71.381,0.0,176.0467590745528,2.895846e-06
71.381,0.0,176.0463285411671,3.264649e-06
71.381,0.0,176.04589982905358,3.941066e-06
71.381,0.0,176.04546562594703,3.66148e-06
71.381,0.0,176.04505534836872,3.277921e-06
71.381,0.0,176.04466892727237,3.528636e-06
71.381,0.0,176.04424064667452,3.45202e-06
71.381,0.0,176.04383102335345,3.937486e-06
71.381,0.0,176.04339618928387,4.424219e-06
71.381,0.0,176.04299202273438,3.026056e-06
71.381,0.0,176.0425585750602,2.776389e-06
71.381,0.0,176.04217589900964,3.349021e-06
71.381,0.0,176.0417429945358,4.016911e-06
71.381,0.0,176.04134568079667,4.0335e-06
71.381,0.0,176.04090698114135,2.958011e-06
71.381,0.0,176.0404683580639,2.474277e-06
71.381,0.0,176.04005772421823,3.081121e-06
71.381,0.0,176.0396603335525,3.362191e-06
71.381,0.0,176.03922721053976,3.290421e-06
71.381,0.0,176.03881905962763,2.73608e-06
71.381,0.0,176.0383830454308,2.249944e-06
71.381,0.0,176.0379496139478,2.731656e-06
71.381,0.0,176.03754547254712,2.489367e-06
71.381,0.0,176.03712426293635,2.581815e-06
71.381,0.0,176.0366938339303,2.987974e-06
71.381,0.0,176.0362952905867,3.655907e-06
71.381,0.0,176.03586780063202,4.272952e-06
71.381,0.0,176.03542942283042,4.303496e-06
71.381,0.0,176.03503052201344,3.807931e-06
71.381,0.0,176.03461006598343,3.310124e-06
71.381,0.0,176.0341877369996,2.516113e-06
71.381,0.0,176.03378384927947,1.893088e-06
71.381,0.0,176.03336600776785,9.790965e-07
71.381,0.0,176.0329541410643,4.714529e-07
71.381,0.0,176.03252142850764,3.745517e-07
71.381,0.0,176.03213437203718,2.565212e-07
71.381,0.0,176.0317062817855,3.101741e-07
71.381,0.0,176.03130813044191,3.735477e-07
71.381,0.0,176.03086044077466,6.214395e-07
71.381,0.0,176.03043484200848,9.693176e-07
71.381,0.0,176.03003241144975,1.967186e-06
71.381,0.0,176.02960911398918,3.513342e-06
71.381,0.0,176.02922264803598,4.368223e-06
71.381,0.0,176.02878312277645,4.35533e-06
71.381,0.0,176.02834167486554,4.153728e-06
71.381,0.0,176.0279412251029,4.945294e-06
71.381,0.0,176.02750644646002,5.555848e-06
71.381,0.0,176.02707957063794,5.201218e-06
71.381,0.0,176.02669313377743,4.425703e-06
71.381,0.0,176.02625744886726,4.103989e-06
71.381,0.0,176.02585697090203,4.767513e-06
71.381,0.0,176.0254210205385,5.161579e-06
71.381,0.0,176.02502023605487,4.573682e-06
71.381,0.0,176.02457919472778,3.577617e-06
71.381,0.0,176.02420619521183,4.077287e-06
71.381,0.0,176.02376795110274,4.838759e-06
71.381,0.0,176.02336100170112,5.136273e-06
71.381,0.0,176.02290145865533,4.61645e-06
71.381,0.0,176.0224902512614,3.561872e-06
71.381,0.0,176.02210507715904,4.114234e-06
71.381,0.0,176.02167961570515,5.071124e-06
71.381,0.0,176.0212791354505,5.137816e-06
71.381,0.0,176.0208446852794,4.065529e-06
71.381,0.0,176.0204147731252,3.581124e-06
71.381,0.0,176.01997976267933,4.071509e-06
71.381,0.0,176.0195926874937,4.717294e-06
71.381,0.0,176.01916374303812,4.033602e-06
71.381,0.0,176.01876778933894,3.158057e-06
71.381,0.0,176.0183321461078,4.268586e-06
71.381,0.0,176.0178894209715,5.104084e-06
71.381,0.0,176.01748921987266,5.14448e-06
71.381,0.0,176.01706330582363,3.884299e-06
71.381,0.0,176.01663929495635,3.374953e-06
71.381,0.0,176.01621694857437,4.258545e-06
71.381,0.0,176.0158151564216,4.809946e-06
71.381,0.0,176.01537317082716,4.603717e-06
71.381,0.0,176.0149456797696,3.169262e-06
71.381,0.0,176.01454694215852,2.966277e-06
71.381,0.0,176.01412493530955,3.913112e-06
71.381,0.0,176.0137303200397,4.068002e-06
71.381,0.0,176.01329040276215,3.929323e-06
71.381,0.0,176.01288349050395,2.86971e-06
71.381,0.0,176.01245902821603,2.814486e-06
71.381,0.0,176.01206664612894,2.907298e-06
71.381,0.0,176.01164141516233,3.187961e-06
71.381,0.0,176.0112370266371,3.302106e-06
71.381,0.0,176.01081532565834,2.686982e-06
71.381,0.0,176.01039029350588,2.835295e-06
71.381,0.0,176.00997657430023,3.073495e-06
71.381,0.0,176.0095469355166,3.464738e-06
71.381,0.0,176.0091585913067,3.916008e-06
71.381,0.0,176.00870898025673,4.157628e-06
71.381,0.0,176.00830408463867,4.575166e-06
71.381,0.0,176.00786660375678,4.404093e-06
71.381,0.0,176.0074345316827,4.074114e-06
71.381,0.0,176.00703481287243,3.198482e-06
71.381,0.0,176.0066057143592,2.97821e-06
71.381,0.0,176.00622190743857,3.096764e-06
71.381,0.0,176.00578596827086,3.119523e-06
71.381,0.0,176.0053869326794,2.930567e-06
71.381,0.0,176.0049442267913,2.54238e-06
71.381,0.0,176.0045083580905,3.208304e-06
71.381,0.0,176.00412576661535,3.667126e-06
71.381,0.0,176.00373810199082,4.097601e-06
71.381,0.0,176.003298330858,3.975874e-06
71.381,0.0,176.00286407143787,4.353933e-06
71.381,0.0,176.00245105463011,5.330556e-06
71.381,0.0,176.00201006597877,5.061054e-06
71.381,0.0,176.0016035539495,5.008464e-06
71.381,0.0,176.00122379056347,5.145572e-06
71.381,0.0,176.000780010832,5.262205e-06
71.381,0.0,176.00034795041105,4.506961e-06
71.381,0.0,175.99992480126804,4.137997e-06
71.381,0.0,175.9995190466284,4.765607e-06
71.381,0.0,175.99908362328588,4.083457e-06
71.381,0.0,175.99871560837138,4.351255e-06
71.381,0.0,175.99827901697435,3.825699e-06
71.381,0.0,175.99783909196887,4.069341e-06
71.381,0.0,175.99740080448748,4.52633e-06
71.381,0.0,175.99699822375612,3.965077e-06
71.381,0.0,175.99657122315787,3.311972e-06
71.381,0.0,175.996151309616,2.834218e-06
71.381,0.0,175.99574425393212,3.209658e-06
71.381,0.0,175.99530076615352,2.64257e-06
71.381,0.0,175.99490311698315,2.365501e-06
71.381,0.0,175.99446557025587,2.630593e-06
71.381,0.0,175.99406203172205,2.968081e-06
71.381,0.0,175.99364122451956,3.738343e-06
71.381,0.0,175.9932580466737,3.316454e-06
71.381,0.0,175.99282430376766,3.539477e-06
71.381,0.0,175.99240955919285,4.096481e-06
71.381,0.0,175.9919866348499,4.564456e-06
71.381,0.0,175.99158783460976,4.796195e-06
71.381,0.0,175.99118361542395,4.593341e-06
71.381,0.0,175.99075195959128,4.79944e-06
71.381,0.0,175.9903503478586,5.258466e-06
71.381,0.0,175.98991013136276,5.532434e-06
71.381,0.0,175.98947287995185,5.781039e-06
71.381,0.0,175.98908426978264,5.858907e-06
71.381,0.0,175.98865647924217,6.225906e-06
71.381,0.0,175.9882274580906,6.702539e-06
71.381,0.0,175.98781358468136,6.821865e-06
71.381,0.0,175.98738294704503,6.676491e-06
71.381,0.0,175.9869834875836,6.746632e-06
71.381,0.0,175.98655846022749,7.020673e-06
71.381,0.0,175.98614284397857,7.638271e-06
71.381,0.0,175.98573577915266,7.739014e-06
71.381,0.0,175.9853062628211,6.712522e-06
71.381,0.0,175.98491031802726,6.974398e-06
71.381,0.0,175.9844727986771,8.021379e-06
71.381,0.0,175.98406353615712,8.640898e-06
71.381,0.0,175.9836364585094,8.797768e-06
71.381,0.0,175.9832538872977,8.102928e-06
71.381,0.0,175.98281835745513,7.869501e-06
71.381,0.0,175.98237825420603,8.021161e-06
71.381,0.0,175.9819760812183,8.127114e-06
71.381,0.0,175.98156981377588,8.166317e-06
71.381,0.0,175.98115336480916,8.260555e-06
71.381,0.0,175.98073152555685,8.42083e-06
71.381,0.0,175.98029343508318,7.680675e-06
71.381,0.0,175.97988912136557,7.421258e-06
71.381,0.0,175.97944712033416,7.154202e-06
71.381,0.0,175.97904322202945,8.246876e-06
71.381,0.0,175.9786239651279,8.382194e-06
71.381,0.0,175.97820427310882,7.837603e-06
71.381,0.0,175.97780004318608,7.302588e-06
71.381,0.0,175.97736015271732,7.047609e-06
71.381,0.0,175.976919084564,6.623668e-06
71.381,0.0,175.97651645478982,6.90615e-06
71.381,0.0,175.97608889668504,6.516013e-06
71.381,0.0,175.97566160885108,6.165239e-06
71.381,0.0,175.97526837440307,6.037517e-06
71.381,0.0,175.97484666413925,6.205169e-06
71.381,0.0,175.97440683430557,6.381451e-06
71.381,0.0,175.9740172917616,5.566602e-06
71.381,0.0,175.97358100276318,5.136113e-06
71.381,0.0,175.97320149558982,4.952191e-06
71.381,0.0,175.9727662760442,5.059104e-06
71.381,0.0,175.97235519341942,4.987072e-06
71.381,0.0,175.9719263784244,4.477188e-06
71.381,0.0,175.97152294193873,4.635571e-06
71.381,0.0,175.97109683487383,4.880523e-06
71.381,0.0,175.97070944251826,5.211492e-06
71.381,0.0,175.97027360717345,5.785943e-06
71.381,0.0,175.96985400864475,5.638038e-06
71.381,0.0,175.96943192078467,5.337613e-06
71.381,0.0,175.96899332880741,5.350172e-06
71.381,0.0,175.9686136535428,5.257491e-06
71.381,0.0,175.9681572240022,5.281006e-06
71.381,0.0,175.9677545232707,5.142967e-06
71.381,0.0,175.9673153345624,4.453104e-06
71.381,0.0,175.96692002334674,4.403366e-06
71.381,0.0,175.966486601756,4.476562e-06
71.381,0.0,175.96608328274561,3.266046e-06
71.381,0.0,175.96567022520728,2.80056e-06
71.381,0.0,175.96523797508686,2.279048e-06
71.381,0.0,175.96482501861675,2.952831e-06
71.381,0.0,175.964409624465,3.566442e-06
71.381,0.0,175.96399482097198,3.733134e-06
71.381,0.0,175.9635902505915,3.935507e-06
71.381,0.0,175.96317937949297,3.83181e-06
71.381,0.0,175.9627481732541,2.924033e-06
71.381,0.0,175.96234665530343,2.978661e-06
71.381,0.0,175.96190815477604,3.672496e-06
71.381,0.0,175.96150581873067,3.969923e-06
71.381,0.0,175.96108166774744,4.41054e-06
71.381,0.0,175.96066534632743,4.916801e-06
71.381,0.0,175.9602645330311,4.210873e-06
71.381,0.0,175.95982242965235,4.12282e-06
71.381,0.0,175.9593999523113,3.928668e-06
71.381,0.0,175.95898937072934,3.541398e-06
71.381,0.0,175.95856331933487,3.137407e-06
71.381,0.0,175.95813202500116,2.757981e-06
71.381,0.0,175.9577152252772,2.458852e-06
71.381,0.0,175.95731202093106,2.40872e-06
71.381,0.0,175.95688182748606,2.692017e-06
71.381,0.0,175.95644183754715,2.321656e-06
71.381,0.0,175.95604099785666,2.136265e-06
71.381,0.0,175.9556209041246,2.038141e-06
71.381,0.0,175.9551968720086,1.791283e-06
71.381,0.0,175.95479267365806,1.572116e-06
71.381,0.0,175.95437253053612,2.002998e-06
71.381,0.0,175.95395314931773,2.592118e-06
71.381,0.0,175.95351559861498,2.494504e-06
71.381,0.0,175.9531313181613,1.980865e-06
71.381,0.0,175.95268978198646,2.149551e-06
71.381,0.0,175.95230037177086,2.143977e-06
71.381,0.0,175.95185056635057,1.643537e-06
71.381,0.0,175.9514642709736,1.66893e-06
71.381,0.0,175.95103343520543,1.929802e-06
71.381,0.0,175.95062641513735,1.891574e-06
71.381,0.0,175.950218550006,2.41246e-06
71.381,0.0,175.9497770934486,3.0386e-06
71.381,0.0,175.94937631040057,3.051697e-06
71.381,0.0,175.9489381224131,3.134905e-06
71.381,0.0,175.9485380529152,3.516136e-06
71.381,0.0,175.94811632925882,4.012734e-06
71.381,0.0,175.94768334926297,4.313173e-06
71.381,0.0,175.94728462606406,3.986512e-06
71.381,0.0,175.9468494361782,3.522917e-06
71.381,0.0,175.94642174346848,3.469933e-06
71.381,0.0,175.9460157923562,3.303765e-06
71.381,0.0,175.9456026680927,2.98112e-06
71.381,0.0,175.9452045439439,3.474459e-06
71.381,0.0,175.94475028593342,3.644018e-06
71.381,0.0,175.9443657463018,3.400768e-06
71.381,0.0,175.94392112900786,3.375768e-06
71.381,0.0,175.94352656636406,3.18118e-06
71.381,0.0,175.94310741253824,2.993125e-06
71.381,0.0,175.94268424949124,3.588444e-06
71.381,0.0,175.942278711058,2.977817e-06
71.381,0.0,175.9418398267056,2.685803e-06
71.381,0.0,175.94143769498555,3.108609e-06
71.381,0.0,175.94100316923817,3.620429e-06
71.381,0.0,175.94059891660925,3.429755e-06
71.381,0.0,175.94018942988126,3.977824e-06
71.381,0.0,175.93976202485757,4.288566e-06
71.381,0.0,175.93934819231194,4.029032e-06
71.381,0.0,175.93892882876125,3.93104e-06
71.381,0.0,175.93849391305469,3.92388e-06
71.381,0.0,175.9380680613457,3.665642e-06
71.381,0.0,175.93764579242796,3.987792e-06
71.381,0.0,175.93725207018298,4.377172e-06
71.381,0.0,175.93681423398917,3.985653e-06
71.381,0.0,175.93638709615706,5.053895e-06
71.381,0.0,175.93596957517465,4.794172e-06
71.381,0.0,175.93555002020793,3.861467e-06
71.381,0.0,175.93513965710193,4.734757e-06
71.381,0.0,175.93473621257763,5.696376e-06
71.381,0.0,175.93429805974796,5.184673e-06
71.381,0.0,175.93389762947078,4.618036e-06
71.381,0.0,175.93346100207873,4.641071e-06
71.381,0.0,175.9330702922089,6.03724e-06
71.381,0.0,175.9326460371639,5.771304e-06
71.381,0.0,175.9322547236305,4.684567e-06
71.381,0.0,175.93181657470404,4.464775e-06
83.381,0.0,176.0629859375,2.808232e-05
83.381,0.0,176.06291247457455,-4.876929e-07
83.381,0.0,176.06280485262198,3.488385e-07
83.381,0.0,176.06266921285422,9.178766e-07
83.381,0.0,176.06248362918632,1.359804e-06
83.381,0.0,176.06227176673428,1.660315e-06
83.381,0.0,176.06198592721805,1.785869e-06
83.381,0.0,176.06170944048617,1.587905e-06
83.381,0.0,176.06137456455937,2.184839e-06
83.381,0.0,176.06096377501996,2.486777e-06
83.381,0.0,176.0605759336344,2.819535e-06
83.381,0.0,176.06013608627507,2.850793e-06
83.381,0.0,176.05973874460057,2.018351e-06
83.381,0.0,176.059299162187,1.389635e-06
83.381,0.0,176.05887910915135,1.177017e-06
83.381,0.0,176.0584677807189,1.337947e-06
83.381,0.0,176.05803422744765,1.25535e-06
83.381,0.0,176.05762405673872,1.392531e-06
83.381,0.0,176.05722490845986,1.539636e-06
83.381,0.0,176.05678453100523,1.665103e-06
83.381,0.0,176.05636406403576,1.893262e-06
83.381,0.0,176.0559527062563,1.936467e-06
83.381,0.0,176.05550913071932,1.808119e-06
83.381,0.0,176.05510476371813,2.590066e-06
83.381,0.0,176.0547042979294,2.986053e-06
83.381,0.0,176.054294798601,2.559536e-06
83.381,0.0,176.05386428032736,2.639121e-06
83.381,0.0,176.05343459008088,2.283457e-06
83.381,0.0,176.05302721810688,2.196713e-06
83.381,0.0,176.05262531676138,2.86469e-06
83.381,0.0,176.0522248826264,2.905741e-06
83.381,0.0,176.05178764577929,2.646149e-06
83.381,0.0,176.05136750207197,3.171997e-06
83.381,0.0,176.0509517231284,2.635745e-06
83.381,0.0,176.05054860346962,3.666122e-06
83.381,0.0,176.05010756939205,4.062807e-06
83.381,0.0,176.0497054692096,3.434368e-06
83.381,0.0,176.04929176415914,3.859037e-06
83.381,0.0,176.04886629681866,4.077912e-06
83.381,0.0,176.0484337795982,5.254551e-06
83.381,0.0,176.0479907768211,6.419112e-06
83.381,0.0,176.0475882316653,6.415066e-06
83.381,0.0,176.04718627545444,6.411501e-06
83.381,0.0,176.04677822788477,6.86101e-06
83.381,0.0,176.04636241395593,6.884948e-06
83.381,0.0,176.04590232966078,7.225099e-06
83.381,0.0,176.04550327788772,6.923394e-06
83.381,0.0,176.04510359338087,6.595656e-06
83.381,0.0,176.04470154876822,6.648115e-06
83.381,0.0,176.0442646444472,6.802453e-06
83.381,0.0,176.0438478545107,6.558665e-06
83.381,0.0,176.0434332452693,6.343602e-06
83.381,0.0,176.04302356496478,5.84661e-06
83.381,0.0,176.04258580203287,6.28797e-06
83.381,0.0,176.04218581904658,6.340168e-06
83.381,0.0,176.04178250703944,6.225047e-06
83.381,0.0,176.0413497683058,6.213013e-06
83.381,0.0,176.0409246154634,5.899929e-06
83.381,0.0,176.040512352,5.819762e-06
83.381,0.0,176.0400756415347,5.944443e-06
83.381,0.0,176.0396716602336,5.418158e-06
83.381,0.0,176.03926914811473,6.021772e-06
83.381,0.0,176.03883594108575,5.910857e-06
83.381,0.0,176.03840730310662,5.448557e-06
83.381,0.0,176.03799290237413,5.527661e-06
83.381,0.0,176.0375553720497,4.756963e-06
83.381,0.0,176.03715489984464,5.051988e-06
83.381,0.0,176.036716491081,4.685586e-06
83.381,0.0,176.03630627998487,3.433917e-06
83.381,0.0,176.03588006933495,2.81517e-06
83.381,0.0,176.0354461678833,1.501365e-06
83.381,0.0,176.03503918915607,1.232969e-06
83.381,0.0,176.03464534181887,1.286229e-06
83.381,0.0,176.03424516080437,1.398192e-06
83.381,0.0,176.03380810799314,1.990673e-06
83.381,0.0,176.0333878763318,1.414679e-06
83.381,0.0,176.0329729904694,1.317399e-06
83.381,0.0,176.03256868994052,1.09234e-06
83.381,0.0,176.03213549821686,9.137002e-07
83.381,0.0,176.0317337695282,1.096239e-06
83.381,0.0,176.03131838997493,1.348366e-06
83.381,0.0,176.03090407754718,2.008121e-06
83.381,0.0,176.03045777166022,3.618799e-06
83.381,0.0,176.03005303632943,5.587615e-06
83.381,0.0,176.0296524389754,6.885544e-06
83.381,0.0,176.02921608678002,6.421877e-06
83.381,0.0,176.0287949521265,5.767681e-06
83.381,0.0,176.02837850722216,5.998081e-06
83.381,0.0,176.02794507818575,6.671529e-06
83.381,0.0,176.0275352370554,7.079259e-06
83.381,0.0,176.02710221912164,6.61661e-06
83.381,0.0,176.02670327069296,5.673501e-06
83.381,0.0,176.02629484237897,5.834838e-06
83.381,0.0,176.0258665429136,6.215254e-06
83.381,0.0,176.0254340946953,6.601636e-06
83.381,0.0,176.0250261458816,6.81392e-06
83.381,0.0,176.0246267912863,5.784212e-06
83.381,0.0,176.0242266371614,5.778231e-06
83.381,0.0,176.0237691269042,6.7988e-06
83.381,0.0,176.02336990554156,7.18901e-06
83.381,0.0,176.0229568901081,6.458285e-06
83.381,0.0,176.02251782912643,5.68149e-06
83.381,0.0,176.02212355358222,5.993745e-06
83.381,0.0,176.02171154330824,6.699702e-06
83.381,0.0,176.02130181679684,6.291186e-06
83.381,0.0,176.02087167447112,5.545808e-06
83.381,0.0,176.02043900347957,5.967886e-06
83.381,0.0,176.020030120445,6.216796e-06
83.381,0.0,176.01958089073318,6.871836e-06
83.381,0.0,176.01919506679684,6.134214e-06
83.381,0.0,176.01878063334365,5.893977e-06
83.381,0.0,176.01835453709188,6.235437e-06
83.381,0.0,176.0179243208204,6.475224e-06
83.381,0.0,176.01751694783763,7.327195e-06
83.381,0.0,176.0170773926371,6.308255e-06
83.381,0.0,176.01667761140436,6.052986e-06
83.381,0.0,176.01623915720864,6.395741e-06
83.381,0.0,176.0158205194158,6.677263e-06
83.381,0.0,176.0153929399975,6.98326e-06
83.381,0.0,176.0149660901572,6.308124e-06
83.381,0.0,176.01456101769472,6.645059e-06
83.381,0.0,176.0141602452402,6.457805e-06
83.381,0.0,176.01373923204315,6.564936e-06
83.381,0.0,176.01332106602555,6.690185e-06
83.381,0.0,176.0128961482302,5.396796e-06
83.381,0.0,176.0124900889618,6.008748e-06
83.381,0.0,176.0120873814218,5.120266e-06
83.381,0.0,176.01168293365993,5.045047e-06
83.381,0.0,176.0112724428778,4.803383e-06
83.381,0.0,176.01082611279512,4.103567e-06
83.381,0.0,176.0104118410443,4.442933e-06
83.381,0.0,176.01000038961814,3.989553e-06
83.381,0.0,176.00956513788873,4.116577e-06
83.381,0.0,176.00916753382685,4.043468e-06
83.381,0.0,176.00876170495457,4.206246e-06
83.381,0.0,176.00831540081677,4.486705e-06
83.381,0.0,176.00788999968734,3.84805e-06
83.381,0.0,176.00745333403657,4.520523e-06
83.381,0.0,176.0070454712853,4.397836e-06
83.381,0.0,176.00664347361,5.466354e-06
83.381,0.0,176.0062420857954,4.983362e-06
83.381,0.0,176.00580248341464,4.378788e-06
83.381,0.0,176.00538290666253,4.215908e-06
83.381,0.0,176.00497191976214,4.149915e-06
83.381,0.0,176.00456940132372,4.64826e-06
83.381,0.0,176.0041555035763,3.833033e-06
83.381,0.0,176.00372932738358,4.026835e-06
83.381,0.0,176.0033188560051,3.522553e-06
83.381,0.0,176.00289629194233,3.933877e-06
83.381,0.0,176.00246399056653,3.298643e-06
83.381,0.0,176.0020570466976,2.883506e-06
83.381,0.0,176.0016626016567,2.749119e-06
83.381,0.0,176.00122511374067,2.898363e-06
83.381,0.0,176.00081130836966,3.335212e-06
83.381,0.0,176.00039731773552,2.862027e-06
83.381,0.0,175.99995187447385,3.094887e-06
83.381,0.0,175.99954732142243,2.727262e-06
83.381,0.0,175.9991478148771,3.45413e-06
83.381,0.0,175.99870753399165,3.501831e-06
83.381,0.0,175.99829621837557,4.191679e-06
83.381,0.0,175.99785620591945,4.596048e-06
83.381,0.0,175.99743385116764,5.107417e-06
83.381,0.0,175.99702576893742,6.453323e-06
83.381,0.0,175.99658740258093,5.796304e-06
83.381,0.0,175.99618724129192,5.723225e-06
83.381,0.0,175.99575105301088,5.097158e-06
83.381,0.0,175.99533396917803,5.989568e-06
83.381,0.0,175.9949201215916,5.734793e-06
83.381,0.0,175.9945101142312,4.678266e-06
83.381,0.0,175.9941121774929,5.020018e-06
83.381,0.0,175.99367365582165,5.525711e-06
83.381,0.0,175.993268908818,6.807328e-06
83.381,0.0,175.992856353863,6.331073e-06
83.381,0.0,175.99244445418796,5.915499e-06
83.381,0.0,175.99200295123012,5.967711e-06
83.381,0.0,175.9916006461304,6.421862e-06
83.381,0.0,175.99119996219616,7.342285e-06
83.381,0.0,175.99079171439598,6.627917e-06
83.381,0.0,175.9903484874617,6.938644e-06
83.381,0.0,175.98993558029773,6.231465e-06
83.381,0.0,175.9895269554651,7.088107e-06
83.381,0.0,175.98908880968978,6.628965e-06
83.381,0.0,175.98868884073315,7.423834e-06
83.381,0.0,175.988247858617,7.873881e-06
83.381,0.0,175.98783110168176,7.13866e-06
83.381,0.0,175.9874192432851,8.782779e-06
83.381,0.0,175.98697559810634,7.18415e-06
83.381,0.0,175.98656374289092,7.572104e-06
83.381,0.0,175.9861775202999,7.214156e-06
83.381,0.0,175.98573649318314,7.222683e-06
83.381,0.0,175.98532714773012,7.780371e-06
83.381,0.0,175.98491377738154,7.378534e-06
83.381,0.0,175.98450599504312,8.026633e-06
83.381,0.0,175.98406942385415,6.810282e-06
83.381,0.0,175.98366930553297,6.140777e-06
83.381,0.0,175.98326451908358,6.391245e-06
83.381,0.0,175.98283239091126,5.732712e-06
83.381,0.0,175.98240494750937,5.515947e-06
83.381,0.0,175.98199015248184,5.706534e-06
83.381,0.0,175.98159020786127,5.230235e-06
83.381,0.0,175.98118209807637,5.031441e-06
83.381,0.0,175.9807514750266,5.190028e-06
83.381,0.0,175.98033734726204,4.087866e-06
83.381,0.0,175.97989068922175,3.857451e-06
83.381,0.0,175.9794747805847,4.07132e-06
83.381,0.0,175.97906682703803,4.053829e-06
83.381,0.0,175.97866085061804,4.456655e-06
83.381,0.0,175.97823929382687,3.229434e-06
83.381,0.0,175.97780012782036,3.383117e-06
83.381,0.0,175.9773793565755,3.10436e-06
83.381,0.0,175.97696204056496,2.980029e-06
83.381,0.0,175.97652355779462,3.311638e-06
83.381,0.0,175.9761227104862,2.491608e-06
83.381,0.0,175.97567803479603,2.325891e-06
83.381,0.0,175.97527965672177,2.954141e-06
83.381,0.0,175.97486640487546,2.849076e-06
83.381,0.0,175.97445178582353,3.033711e-06
83.381,0.0,175.9740469159527,2.405461e-06
83.381,0.0,175.97360746126046,2.310175e-06
83.381,0.0,175.97320978397934,2.84618e-06
83.381,0.0,175.97278426700316,2.64452e-06
83.381,0.0,175.97238086337035,2.76872e-06
83.381,0.0,175.97196109944932,2.899804e-06
83.381,0.0,175.9715217973605,3.392313e-06
83.381,0.0,175.97112051083892,4.399611e-06
83.381,0.0,175.970722105801,5.056252e-06
83.381,0.0,175.97028260865022,5.622554e-06
83.381,0.0,175.96986380751167,5.046983e-06
83.381,0.0,175.96945014323515,4.929068e-06
83.381,0.0,175.96904479750444,5.111506e-06
83.381,0.0,175.96860382356496,4.234738e-06
83.381,0.0,175.96819835125325,4.56268e-06
83.381,0.0,175.96776270699078,4.619316e-06
83.381,0.0,175.96734884010655,3.53549e-06
83.381,0.0,175.9669328724341,3.623136e-06
83.381,0.0,175.96652132622867,2.719215e-06
83.381,0.0,175.96608237326777,3.712717e-06
83.381,0.0,175.96567937538117,3.729117e-06
83.381,0.0,175.96527531945083,2.936722e-06
83.381,0.0,175.96484447416915,3.156631e-06
83.381,0.0,175.96441765686885,3.745372e-06
83.381,0.0,175.9640051370512,3.799287e-06
83.381,0.0,175.96360412204567,5.389345e-06
83.381,0.0,175.96318683494866,5.697337e-06
83.381,0.0,175.9627651391353,4.783418e-06
83.381,0.0,175.96234738377237,5.317997e-06
83.381,0.0,175.96193254351846,5.961963e-06
83.381,0.0,175.96152370898025,5.128488e-06
83.381,0.0,175.96110122189316,5.670503e-06
83.381,0.0,175.96068469198767,5.445007e-06
83.381,0.0,175.96027686647247,4.684902e-06
83.381,0.0,175.9598193668857,5.438953e-06
83.381,0.0,175.95941811526177,5.021386e-06
83.381,0.0,175.95900831533595,4.990594e-06
83.381,0.0,175.95858274800472,5.368391e-06
83.381,0.0,175.95816516181972,4.886198e-06
83.381,0.0,175.9577614002911,4.150381e-06
83.381,0.0,175.95733102119652,4.185946e-06
83.381,0.0,175.95688439538614,3.02124e-06
83.381,0.0,175.95646943515615,2.769899e-06
83.381,0.0,175.95606485329043,3.228444e-06
83.381,0.0,175.9556267601086,2.607252e-06
83.381,0.0,175.955229454639,2.570188e-06
83.381,0.0,175.95480592496122,1.89041e-06
83.381,0.0,175.95437289789191,1.594119e-06
83.381,0.0,175.95396066954189,2.456756e-06
83.381,0.0,175.95355899304437,2.347486e-06
83.381,0.0,175.953144248684,2.289555e-06
83.381,0.0,175.9527207516839,3.158289e-06
83.381,0.0,175.95230803181138,3.002438e-06
83.381,0.0,175.95189670584287,2.409128e-06
83.381,0.0,175.95148771601262,2.914385e-06
83.381,0.0,175.9510469761253,3.447669e-06
83.381,0.0,175.9506497932227,2.597677e-06
83.381,0.0,175.9502467905986,2.315632e-06
83.381,0.0,175.9497975357203,3.065405e-06
83.381,0.0,175.94939113516656,2.561414e-06
83.381,0.0,175.9489770449944,1.819019e-06
83.381,0.0,175.94854030269494,1.975757e-06
83.381,0.0,175.9481224822728,1.809953e-06
83.381,0.0,175.9477016429489,2.018918e-06
83.381,0.0,175.9472975724902,2.395944e-06
83.381,0.0,175.94686692858244,1.841647e-06
83.381,0.0,175.94643645722692,1.940076e-06
83.381,0.0,175.9460273584831,2.219793e-06
83.381,0.0,175.9456253701048,1.987384e-06
83.381,0.0,175.945224397099,2.918998e-06
83.381,0.0,175.94476829074682,2.885063e-06
83.381,0.0,175.94436763779748,2.148532e-06
83.381,0.0,175.94394090672887,2.291185e-06
83.381,0.0,175.94355248985502,2.452012e-06
83.381,0.0,175.9431119504554,2.142056e-06
83.381,0.0,175.94271422731268,3.126159e-06
83.381,0.0,175.94230323696246,3.404901e-06
83.381,0.0,175.94187777901396,2.683038e-06
83.381,0.0,175.94144470163278,3.340901e-06
83.381,0.0,175.94104308508489,3.475594e-06
83.381,0.0,175.94060788295752,2.490211e-06
83.381,0.0,175.94020914958838,2.481582e-06
83.381,0.0,175.9397690227236,3.366047e-06
83.381,0.0,175.93934976727354,3.169116e-06
83.381,0.0,175.9389242455786,3.031761e-06
83.381,0.0,175.93849429836513,3.017296e-06
83.381,0.0,175.9380840952135,2.385175e-06
83.381,0.0,175.93769040114398,2.131375e-06
83.381,0.0,175.9372500318239,2.806337e-06
83.381,0.0,175.93683259291146,2.585963e-06
83.381,0.0,175.93640775981714,3.228415e-06
83.381,0.0,175.93597351220077,3.399735e-06
83.381,0.0,175.93557223321312,2.781831e-06
83.381,0.0,175.93517097957317,4.023808e-06
83.381,0.0,175.93473125251043,5.291266e-06
83.381,0.0,175.93431755529102,4.305359e-06
83.381,0.0,175.93390196240247,3.266352e-06
83.381,0.0,175.93348846062008,3.500259e-06
83.381,0.0,175.93308642593783,4.64257e-06
83.381,0.0,175.93267742252397,5.197406e-06
83.381,0.0,175.93224542941388,3.193592e-06
83.381,0.0,175.93182016400974,2.329602e-06
91.423,0.0,176.0629859375,3.071301e-05
91.423,0.0,176.0629093570083,3.043388e-07
91.423,0.0,176.0628055139476,7.098424e-07
91.423,0.0,176.062674755604,1.084001e-06
91.423,0.0,176.06248959005507,1.44128e-06
91.423,0.0,176.06226369263834,1.752487e-06
91.423,0.0,176.06197396227927,1.853856e-06
91.423,0.0,176.06169278656878,2.131186e-06
91.423,0.0,176.06135617007646,1.777255e-06
91.423,0.0,176.060959740404,1.414606e-06
91.423,0.0,176.06055354999725,1.199165e-06
91.423,0.0,176.06013623308854,1.166962e-06
91.423,0.0,176.05971215119618,1.467546e-06
91.423,0.0,176.05930042742492,1.865337e-06
91.423,0.0,176.05886229168135,1.382679e-06
91.423,0.0,176.05844108311905,1.551321e-06
91.423,0.0,176.0580214245321,1.331384e-06
91.423,0.0,176.05760401558948,1.240274e-06
91.423,0.0,176.05720685156848,1.643813e-06
91.423,0.0,176.05676672286953,1.823137e-06
91.423,0.0,176.05634936101887,1.564433e-06
91.423,0.0,176.05593141553754,2.013447e-06
91.423,0.0,176.05549361863447,2.500208e-06
91.423,0.0,176.055090751869,3.274559e-06
91.423,0.0,176.05468940550537,3.706489e-06
91.423,0.0,176.0542827000482,3.11232e-06
91.423,0.0,176.05386803810046,3.02335e-06
91.423,0.0,176.05341683542704,3.477049e-06
91.423,0.0,176.0530112436493,4.264963e-06
91.423,0.0,176.05261234739558,4.976158e-06
91.423,0.0,176.05221007171522,5.109498e-06
91.423,0.0,176.05176918839356,4.139642e-06
91.423,0.0,176.05134918654628,4.225076e-06
91.423,0.0,176.05093589758158,3.542198e-06
91.423,0.0,176.0505313328372,3.89968e-06
91.423,0.0,176.05009228097867,4.831294e-06
91.423,0.0,176.04969025388007,4.020738e-06
91.423,0.0,176.04928169639288,3.475565e-06
91.423,0.0,176.04885143767356,3.976718e-06
91.423,0.0,176.04842264780362,4.692876e-06
91.423,0.0,176.04797866168965,6.240647e-06
91.423,0.0,176.0475780853385,6.734801e-06
91.423,0.0,176.0471754742992,6.096132e-06
91.423,0.0,176.04677094397073,6.416667e-06
91.423,0.0,176.04633619673297,6.88291e-06
91.423,0.0,176.0459071096268,6.924151e-06
91.423,0.0,176.04549660644003,7.730559e-06
91.423,0.0,176.04509497260784,6.562157e-06
91.423,0.0,176.04465590487106,6.312679e-06
91.423,0.0,176.0442523101588,6.343238e-06
91.423,0.0,176.04384163099556,5.426904e-06
91.423,0.0,176.0434062607894,5.806927e-06
91.423,0.0,176.04298340047256,5.159716e-06
91.423,0.0,176.04257786385668,5.10957e-06
91.423,0.0,176.04217779491447,5.586509e-06
91.423,0.0,176.04174552262714,5.548747e-06
91.423,0.0,176.0413318325506,6.07004e-06
91.423,0.0,176.0409202838748,6.072063e-06
91.423,0.0,176.04047274701037,5.17453e-06
91.423,0.0,176.04007003511597,5.709691e-06
91.423,0.0,176.03967142420572,4.987101e-06
91.423,0.0,176.03923069060906,4.261281e-06
91.423,0.0,176.0388169675687,3.047709e-06
91.423,0.0,176.0383966363162,1.582885e-06
91.423,0.0,176.0379719220224,1.891894e-06
91.423,0.0,176.03756891314237,1.578999e-06
91.423,0.0,176.0371314814807,2.177199e-06
91.423,0.0,176.03672918369142,3.275112e-06
91.423,0.0,176.0362835553619,3.941619e-06
91.423,0.0,176.03586951537596,4.749367e-06
91.423,0.0,176.03545213413716,4.396948e-06
91.423,0.0,176.03504227125276,2.837274e-06
91.423,0.0,176.03461654490715,1.509645e-06
91.423,0.0,176.03421618417883,1.113032e-06
91.423,0.0,176.03380545842353,1.131382e-06
91.423,0.0,176.03339373697054,1.219945e-06
91.423,0.0,176.03294610245462,1.901921e-06
91.423,0.0,176.03253780880996,3.759109e-06
91.423,0.0,176.03214292610292,5.531299e-06
91.423,0.0,176.03170444989044,6.95065e-06
91.423,0.0,176.03129352886924,6.665461e-06
91.423,0.0,176.0308799382853,6.261209e-06
91.423,0.0,176.0304635082062,6.402246e-06
91.423,0.0,176.03002618967253,5.835944e-06
91.423,0.0,176.02962700451607,6.620598e-06
91.423,0.0,176.02922762198725,7.251307e-06
91.423,0.0,176.0287881341363,5.947702e-06
91.423,0.0,176.02835197253935,6.065384e-06
91.423,0.0,176.02791772496852,6.125818e-06
91.423,0.0,176.02750908102868,7.009512e-06
91.423,0.0,176.0271108638677,6.924223e-06
91.423,0.0,176.02670535293558,5.64623e-06
91.423,0.0,176.02626748607005,5.774375e-06
91.423,0.0,176.02586617347646,5.98203e-06
91.423,0.0,176.025426471516,6.861053e-06
91.423,0.0,176.02503280267314,6.358488e-06
91.423,0.0,176.02461478572226,5.802853e-06
91.423,0.0,176.02419384229734,6.286064e-06
91.423,0.0,176.0237901209537,6.246904e-06
91.423,0.0,176.0233504643847,7.054114e-06
91.423,0.0,176.02295714760825,6.779839e-06
91.423,0.0,176.02252030081152,5.944108e-06
91.423,0.0,176.02213478071613,6.116839e-06
91.423,0.0,176.0217013953144,6.296264e-06
91.423,0.0,176.02129849264298,6.945891e-06
91.423,0.0,176.02086721495556,6.079616e-06
91.423,0.0,176.02041148177148,6.022092e-06
91.423,0.0,176.020020971977,5.941212e-06
91.423,0.0,176.01959200103187,6.684597e-06
91.423,0.0,176.01917086952756,6.478382e-06
91.423,0.0,176.01876210787023,5.693946e-06
91.423,0.0,176.01834212231216,6.322589e-06
91.423,0.0,176.0179076865248,5.95492e-06
91.423,0.0,176.01750471012494,6.684815e-06
91.423,0.0,176.01708315768775,6.516741e-06
91.423,0.0,176.01665704139546,5.818642e-06
91.423,0.0,176.01623106724804,5.903741e-06
91.423,0.0,176.01582087683994,5.47005e-06
91.423,0.0,176.0153837363939,6.136164e-06
91.423,0.0,176.014957737239,5.372771e-06
91.423,0.0,176.01456136183634,5.290422e-06
91.423,0.0,176.01415180930877,5.448062e-06
91.423,0.0,176.01374788809503,5.495182e-06
91.423,0.0,176.01330952551075,6.202914e-06
91.423,0.0,176.01290730194538,5.344773e-06
91.423,0.0,176.01246834886797,5.417154e-06
91.423,0.0,176.01208103594914,4.916277e-06
91.423,0.0,176.01165403351118,4.955742e-06
91.423,0.0,176.01125986669535,5.743437e-06
91.423,0.0,176.01082336466317,4.977221e-06
91.423,0.0,176.0103991432101,4.8808e-06
91.423,0.0,176.00998399237073,3.974623e-06
91.423,0.0,176.0095822799238,3.683715e-06
91.423,0.0,176.0091695483279,3.633366e-06
91.423,0.0,176.00873527998195,3.521229e-06
91.423,0.0,176.00830196293205,3.656241e-06
91.423,0.0,176.00787338090396,3.203138e-06
91.423,0.0,176.00746052746743,3.231893e-06
91.423,0.0,176.007024893337,3.278328e-06
91.423,0.0,176.00663798798917,3.952038e-06
91.423,0.0,176.00621369518197,3.956258e-06
91.423,0.0,176.00580988310566,3.314708e-06
91.423,0.0,176.00536736799663,3.045338e-06
91.423,0.0,176.00497733196949,2.750472e-06
91.423,0.0,176.00454837094182,3.085515e-06
91.423,0.0,176.00413576211216,2.662375e-06
91.423,0.0,176.00371219852883,2.684494e-06
91.423,0.0,176.0033170696932,2.638932e-06
91.423,0.0,176.0028887127372,2.809378e-06
91.423,0.0,176.00245373982492,2.487475e-06
91.423,0.0,176.00204895318382,2.665212e-06
91.423,0.0,176.0016267509725,2.919798e-06
91.423,0.0,176.0012399203273,3.202687e-06
91.423,0.0,176.0007990178699,3.00401e-06
91.423,0.0,176.0003752272179,2.58928e-06
91.423,0.0,175.99995713719994,2.937741e-06
91.423,0.0,175.99951888229265,3.460009e-06
91.423,0.0,175.99913847935454,3.773355e-06
91.423,0.0,175.99870692628838,4.170244e-06
91.423,0.0,175.9982731269734,4.368587e-06
91.423,0.0,175.99786630800696,4.660149e-06
91.423,0.0,175.9974342550659,4.447895e-06
91.423,0.0,175.99700302799226,5.291702e-06
91.423,0.0,175.99657458807354,5.142894e-06
91.423,0.0,175.99619426590274,5.434515e-06
91.423,0.0,175.99576132555734,5.444308e-06
91.423,0.0,175.99532152823235,6.073809e-06
91.423,0.0,175.99491840672283,6.203773e-06
91.423,0.0,175.99448432179554,5.718408e-06
91.423,0.0,175.9940998046865,6.050832e-06
91.423,0.0,175.99367762128477,6.313086e-06
91.423,0.0,175.9932752044388,7.322364e-06
91.423,0.0,175.99283681936018,7.332055e-06
91.423,0.0,175.99243743753627,6.687318e-06
91.423,0.0,175.99198638257076,6.916278e-06
91.423,0.0,175.99160115079258,7.541064e-06
91.423,0.0,175.99119693971147,8.40619e-06
91.423,0.0,175.9907454141375,7.522074e-06
91.423,0.0,175.9903444546553,8.117539e-06
91.423,0.0,175.98991788385513,8.221439e-06
91.423,0.0,175.98951755927436,8.868912e-06
91.423,0.0,175.98908348099224,8.169067e-06
91.423,0.0,175.98867121403603,8.408417e-06
91.423,0.0,175.98826532871192,8.828269e-06
91.423,0.0,175.98782066822528,8.711533e-06
91.423,0.0,175.98741512994448,8.703675e-06
91.423,0.0,175.9869713314382,8.066098e-06
91.423,0.0,175.98657074240222,8.838455e-06
91.423,0.0,175.98615489817516,8.691088e-06
91.423,0.0,175.9857597338205,7.9975e-06
91.423,0.0,175.9853236985878,8.115923e-06
91.423,0.0,175.98492178475468,8.284347e-06
91.423,0.0,175.98448249929766,9.408031e-06
91.423,0.0,175.9840701439688,8.789619e-06
91.423,0.0,175.98367481326557,8.417439e-06
91.423,0.0,175.98324363475464,8.516858e-06
91.423,0.0,175.98281714444846,7.963929e-06
91.423,0.0,175.98239979752927,7.181472e-06
91.423,0.0,175.98199601365548,6.707254e-06
91.423,0.0,175.98156839840715,5.479116e-06
91.423,0.0,175.98116897122634,5.769354e-06
91.423,0.0,175.98075312729364,5.009613e-06
91.423,0.0,175.9803233460458,4.310161e-06
91.423,0.0,175.97988591771514,3.443463e-06
91.423,0.0,175.97948456409287,3.59994e-06
91.423,0.0,175.97905801520088,3.909867e-06
91.423,0.0,175.97862993981607,3.819849e-06
91.423,0.0,175.97820380884204,3.060297e-06
91.423,0.0,175.9777850351235,2.887289e-06
91.423,0.0,175.9773581076636,3.177309e-06
91.423,0.0,175.9769534977683,3.076173e-06
91.423,0.0,175.97651834855088,3.183377e-06
91.423,0.0,175.9760943574696,2.317887e-06
91.423,0.0,175.97571239054312,2.181201e-06
91.423,0.0,175.97527208262557,2.545406e-06
91.423,0.0,175.9748674755519,2.499117e-06
91.423,0.0,175.9744359328684,2.428918e-06
91.423,0.0,175.9740293958591,2.04597e-06
91.423,0.0,175.9735931684266,2.06141e-06
91.423,0.0,175.97322580553953,2.559042e-06
91.423,0.0,175.97277627363974,2.488494e-06
91.423,0.0,175.97235662723583,2.459885e-06
91.423,0.0,175.97194325371578,2.199769e-06
91.423,0.0,175.97151840658947,2.264613e-06
91.423,0.0,175.97113469642224,2.935776e-06
91.423,0.0,175.97070640224123,2.762026e-06
91.423,0.0,175.97029467660806,2.975183e-06
91.423,0.0,175.96986270399995,2.692701e-06
91.423,0.0,175.96946229150254,2.487868e-06
91.423,0.0,175.9690263993756,2.687477e-06
91.423,0.0,175.96859812982228,2.29913e-06
91.423,0.0,175.9681807692622,2.314497e-06
91.423,0.0,175.96777575692298,2.356581e-06
91.423,0.0,175.96735315888324,1.749242e-06
91.423,0.0,175.96692767324657,1.696317e-06
91.423,0.0,175.96648722205867,1.487933e-06
91.423,0.0,175.96609952968748,1.860622e-06
91.423,0.0,175.9656730949883,2.329602e-06
91.423,0.0,175.96527660001973,2.602246e-06
91.423,0.0,175.96484826619565,3.294801e-06
91.423,0.0,175.9644156295884,3.050591e-06
91.423,0.0,175.96400192520224,2.814093e-06
91.423,0.0,175.96359334992758,3.407637e-06
91.423,0.0,175.96317903092194,3.601701e-06
91.423,0.0,175.96275984187022,3.551962e-06
91.423,0.0,175.96235479225723,3.8867e-06
91.423,0.0,175.96192344184644,4.107002e-06
91.423,0.0,175.96151461278941,3.77222e-06
91.423,0.0,175.96108296386743,4.545233e-06
91.423,0.0,175.96067220573215,3.739027e-06
91.423,0.0,175.96027544869764,3.729918e-06
91.423,0.0,175.95983964019857,4.835252e-06
91.423,0.0,175.9594023995385,4.752117e-06
91.423,0.0,175.95900164833705,4.278685e-06
91.423,0.0,175.95857928642897,5.209571e-06
91.423,0.0,175.95813813012694,4.586662e-06
91.423,0.0,175.95772990599713,4.760848e-06
91.423,0.0,175.95732829179278,4.598332e-06
91.423,0.0,175.95688783137945,4.337286e-06
91.423,0.0,175.95644952932616,4.039379e-06
91.423,0.0,175.95604610061412,3.639085e-06
91.423,0.0,175.955633166744,2.987988e-06
91.423,0.0,175.95521185783716,3.25068e-06
91.423,0.0,175.9548107838619,2.97057e-06
91.423,0.0,175.95437116517218,3.316192e-06
91.423,0.0,175.9539690998548,3.709036e-06
91.423,0.0,175.9535648510537,3.448804e-06
91.423,0.0,175.9531524777815,3.15177e-06
91.423,0.0,175.95273109682267,3.915135e-06
91.423,0.0,175.9523128603861,4.007292e-06
91.423,0.0,175.9518914298659,3.464462e-06
91.423,0.0,175.9514551175504,3.394438e-06
91.423,0.0,175.9510597054959,3.873094e-06
91.423,0.0,175.95064376488108,3.272013e-06
91.423,0.0,175.95021765101723,2.643268e-06
91.423,0.0,175.9498111950212,3.099107e-06
91.423,0.0,175.94939220223407,2.960893e-06
91.423,0.0,175.94896204390048,2.236862e-06
91.423,0.0,175.94852582510245,2.700952e-06
91.423,0.0,175.94812161273344,2.561428e-06
91.423,0.0,175.94768180492974,2.967659e-06
91.423,0.0,175.94727682275789,3.190115e-06
91.423,0.0,175.9468649611355,2.256143e-06
91.423,0.0,175.94646222053672,1.896464e-06
91.423,0.0,175.9460270871975,2.330678e-06
91.423,0.0,175.9456184824605,2.300323e-06
91.423,0.0,175.94521184733082,2.701214e-06
91.423,0.0,175.9447766694876,2.500994e-06
91.423,0.0,175.9443644709783,2.251181e-06
91.423,0.0,175.94397027774917,2.780362e-06
91.423,0.0,175.94353861563602,2.575471e-06
91.423,0.0,175.94310846525644,2.653367e-06
91.423,0.0,175.9427216012398,3.13716e-06
91.423,0.0,175.94228414547192,3.033667e-06
91.423,0.0,175.94186747029053,2.848057e-06
91.423,0.0,175.9414503883372,3.660563e-06
91.423,0.0,175.94101361461537,3.364199e-06
91.423,0.0,175.9406173613105,2.858375e-06
91.423,0.0,175.9401990333104,3.082227e-06
91.423,0.0,175.93976257849906,3.412104e-06
91.423,0.0,175.93936542824582,2.742847e-06
91.423,0.0,175.93894322940042,2.767891e-06
91.423,0.0,175.9385260270224,2.93777e-06
91.423,0.0,175.93808490171185,2.806701e-06
91.423,0.0,175.93768306528543,3.232009e-06
91.423,0.0,175.93722292007368,3.002569e-06
91.423,0.0,175.93682695468985,2.630288e-06
91.423,0.0,175.93640763720225,3.27373e-06
91.423,0.0,175.93600053816212,3.174573e-06
91.423,0.0,175.93557193651074,2.679124e-06
91.423,0.0,175.93514716755342,4.228685e-06
91.423,0.0,175.93472320927444,4.829635e-06
91.423,0.0,175.93432007584695,3.956608e-06
91.423,0.0,175.93392075213737,3.430032e-06
91.423,0.0,175.93348072035502,4.58039e-06
91.423,0.0,175.9330763974686,5.549868e-06
91.423,0.0,175.9326607865114,5.286842e-06
91.423,0.0,175.9322388350655,4.451824e-06
91.423,0.0,175.9318410695298,4.402784e-06
